volume_of_liquid_m3/day,water_volume_m3/day,water_cut_%,working_hours,dynamic_level_m,reservoir_pressure_atm,year,month,day
70,21,29,24,1819,214,2013,1,1
70,21,29,24,1836,214,2013,1,2
70,21,29,24,1788,214,2013,1,3
70,21,29,24,1789,214,2013,1,4
70,26,36,24,1825,214,2013,1,5
70,26,36,24,1781,214,2013,1,6
68,25,36,24,1790,214,2013,1,7
68,25,36,24,1784,214,2013,1,8
68,25,36,24,1831,214,2013,1,9
68,25,36,24,1831,214,2013,1,10
68,25,36,24,1828,214,2013,1,11
68,26,37,24,1761,214,2013,1,12
69,26,37,24,1789,214,2013,1,13
69,26,37,24,1764,213,2013,1,14
71,27,37,24,1764,213,2013,1,15
71,27,37,24,1764,213,2013,1,16
71,27,37,24,1754,213,2013,1,17
71,27,37,24,1763,213,2013,1,18
70,24,33,24,1768,213,2013,1,19
70,24,33,24,1785,213,2013,1,20
70,26,36,24,1788,213,2013,1,21
70,26,36,24,1779,213,2013,1,22
70,26,36,24,1786,213,2013,1,23
69,26,36,24,1769,213,2013,1,24
69,26,37,24,1781,213,2013,1,25
69,26,37,24,1789,213,2013,1,26
69,26,37,24,1785,213,2013,1,27
69,26,37,24,1787,213,2013,1,28
69,26,37,24,1779,213,2013,1,29
69,26,37,24,1780,213,2013,1,30
70,23,32,24,1780,213,2013,1,31
70,23,32,24,1774,213,2013,2,1
72,25,33,24,1766,213,2013,2,2
75,28,36,24,1783,213,2013,2,3
75,28,36,24,1770,213,2013,2,4
76,28,36,24,1781,213,2013,2,5
78,29,36,24,1773,213,2013,2,6
78,29,36,24,1772,213,2013,2,7
78,29,36,24,1764,213,2013,2,8
78,29,36,24,1766,212,2013,2,9
78,30,37,24,1763,212,2013,2,10
78,30,37,24,1783,212,2013,2,11
79,30,37,24,1784,212,2013,2,12
78,32,40,24,1782,212,2013,2,13
78,32,40,24,1793,212,2013,2,14
71,29,40,24,1787,212,2013,2,15
70,29,40,24,1781,212,2013,2,16
70,29,40,24,1783,212,2013,2,17
70,29,40,24,1788,212,2013,2,18
70,25,35,24,1792,212,2013,2,19
70,25,34,24,1794,212,2013,2,20
72,26,34,24,1819,212,2013,2,21
73,26,34,24,1837,212,2013,2,22
73,26,34,24,1830,212,2013,2,23
73,29,38,24,1838,212,2013,2,24
73,29,38,24,1843,212,2013,2,25
74,26,34,24,1854,212,2013,2,26
74,26,34,24,1877,212,2013,2,27
73,26,34,24,1939,212,2013,2,28
73,29,38,24,1843,212,2013,3,1
73,29,38,24,1849,212,2013,3,2
73,28,37,24,1861,212,2013,3,3
73,28,37,24,1832,212,2013,3,4
75,29,37,24,1831,212,2013,3,5
74,28,37,24,1847,212,2013,3,6
74,31,40,24,1845,211,2013,3,7
74,31,40,24,1853,211,2013,3,8
74,31,40,24,1940,211,2013,3,9
74,31,40,24,1852,211,2013,3,10
74,31,40,24,1854,211,2013,3,11
74,31,40,24,1855,211,2013,3,12
74,31,40,24,1861,211,2013,3,13
74,31,40,24,1847,211,2013,3,14
74,31,40,24,1854,211,2013,3,15
74,31,40,24,1823,211,2013,3,16
74,31,40,24,1831,211,2013,3,17
77,32,40,24,1901,211,2013,3,18
77,32,40,24,1887,211,2013,3,19
75,31,40,24,1851,211,2013,3,20
76,31,40,24,1872,211,2013,3,21
77,32,40,24,1869,211,2013,3,22
77,32,40,24,1881,211,2013,3,23
73,30,40,24,1874,211,2013,3,24
74,31,40,24,1863,211,2013,3,25
74,31,40,24,1870,211,2013,3,26
74,31,40,24,1836,211,2013,3,27
77,32,40,24,1853,211,2013,3,28
73,30,40,24,1862,211,2013,3,29
73,30,40,24,1867,211,2013,3,30
73,34,45,24,1862,211,2013,3,31
77,36,45,24,1858,211,2013,4,1
77,33,42,24,1858,210,2013,4,2
77,33,42,24,1857,210,2013,4,3
77,33,42,24,1857,210,2013,4,4
77,33,42,24,1841,210,2013,4,5
77,33,42,24,1849,210,2013,4,6
77,33,42,24,1862,210,2013,4,7
77,33,42,24,1849,210,2013,4,8
77,33,42,24,1877,210,2013,4,9
77,33,42,24,1829,210,2013,4,10
77,33,42,24,1841,210,2013,4,11
77,38,48,24,1833,210,2013,4,12
77,38,48,24,1846,210,2013,4,13
77,38,48,24,1852,210,2013,4,14
77,38,48,24,1853,210,2013,4,15
77,38,48,24,1847,210,2013,4,16
77,38,48,24,1861,210,2013,4,17
77,38,48,24,1896,210,2013,4,18
77,38,48,24,1985,210,2013,4,19
77,38,48,24,1873,210,2013,4,20
77,38,48,24,1863,210,2013,4,21
77,32,40,24,1874,210,2013,4,22
77,32,40,24,1870,210,2013,4,23
77,34,43,24,1876,210,2013,4,24
77,34,43,24,1865,210,2013,4,25
77,34,43,24,1871,210,2013,4,26
77,34,43,24,1870,210,2013,4,27
78,35,43,24,1877,209,2013,4,28
78,35,43,24,1877,209,2013,4,29
78,36,45,24,1871,209,2013,4,30
78,38,47,24,1874,209,2013,5,1
78,38,47,24,1843,209,2013,5,2
78,38,47,24,1859,209,2013,5,3
79,35,43,24,1865,209,2013,5,4
79,35,43,24,1872,209,2013,5,5
79,35,43,24,1877,209,2013,5,6
79,35,43,24,1876,209,2013,5,7
79,35,43,24,1871,209,2013,5,8
79,35,43,24,1873,209,2013,5,9
79,34,42,24,1874,209,2013,5,10
79,34,42,24,1882,209,2013,5,11
79,34,42,24,1886,209,2013,5,12
79,34,42,24,1889,209,2013,5,13
79,34,42,24,1879,209,2013,5,14
79,34,42,24,1879,209,2013,5,15
79,34,42,24,1883,209,2013,5,16
79,34,42,24,1874,209,2013,5,17
79,38,47,24,1872,209,2013,5,18
79,38,47,24,1870,209,2013,5,19
79,38,47,24,1872,209,2013,5,20
79,38,47,24,1884,209,2013,5,21
79,38,47,24,1889,209,2013,5,22
79,38,47,24,1893,208,2013,5,23
79,38,47,24,1907,208,2013,5,24
79,38,47,24,1902,208,2013,5,25
79,43,53,24,1896,208,2013,5,26
79,43,53,24,1878,208,2013,5,27
79,43,53,24,1892,208,2013,5,28
79,43,53,24,1890,208,2013,5,29
79,43,53,24,1853,208,2013,5,30
79,43,53,24,1869,208,2013,5,31
79,43,54,24,1879,208,2013,6,1
79,43,54,24,1873,208,2013,6,2
79,43,54,24,1875,208,2013,6,3
79,43,54,24,1875,208,2013,6,4
79,43,54,24,1884,208,2013,6,5
79,43,54,24,1889,208,2013,6,6
79,43,54,24,1887,208,2013,6,7
79,43,54,24,1894,208,2013,6,8
79,43,54,24,1879,208,2013,6,9
79,43,54,24,1862,208,2013,6,10
79,43,53,24,1877,208,2013,6,11
79,43,53,24,1890,208,2013,6,12
79,43,53,24,1898,208,2013,6,13
80,43,53,24,1897,208,2013,6,14
80,43,53,24,1896,208,2013,6,15
80,43,53,24,1898,208,2013,6,16
80,43,53,24,1898,208,2013,6,17
78,42,53,24,1897,207,2013,6,18
80,43,53,24,1896,207,2013,6,19
80,43,53,24,1898,207,2013,6,20
81,44,53,24,1896,207,2013,6,21
81,44,53,24,1898,207,2013,6,22
81,44,53,24,1899,207,2013,6,23
81,44,53,24,1901,207,2013,6,24
81,44,53,24,1904,207,2013,6,25
81,44,53,24,1902,207,2013,6,26
81,44,53,24,1897,207,2013,6,27
81,44,53,24,1897,207,2013,6,28
81,44,53,24,1896,207,2013,6,29
81,42,51,24,1908,207,2013,6,30
78,40,51,23,1849,207,2013,7,1
81,42,51,24,1868,207,2013,7,2
81,42,51,24,1870,207,2013,7,3
81,41,50,24,1872,207,2013,7,4
81,41,50,24,1876,207,2013,7,5
81,41,50,24,1880,207,2013,7,6
81,41,50,24,1877,207,2013,7,7
81,41,50,24,1877,207,2013,7,8
81,41,50,24,1882,207,2013,7,9
81,41,50,24,1884,207,2013,7,10
81,41,50,24,1869,207,2013,7,11
81,45,54,24,1881,207,2013,7,12
82,45,54,24,1887,207,2013,7,13
82,45,54,24,1891,206,2013,7,14
82,45,54,24,1887,206,2013,7,15
82,44,53,24,1891,206,2013,7,16
82,44,53,24,1879,206,2013,7,17
82,44,53,24,1892,206,2013,7,18
82,44,53,24,1901,206,2013,7,19
82,44,53,24,1907,206,2013,7,20
82,44,53,24,1887,206,2013,7,21
82,44,53,24,1884,206,2013,7,22
82,44,53,24,1883,206,2013,7,23
82,44,53,24,1907,206,2013,7,24
82,44,53,24,1909,206,2013,7,25
83,46,54,24,1899,206,2013,7,26
83,46,54,24,1877,206,2013,7,27
83,46,54,24,1876,206,2013,7,28
83,46,54,24,1884,206,2013,7,29
83,44,52,24,1885,206,2013,7,30
83,44,52,24,1890,206,2013,7,31
83,44,52,24,1876,206,2013,8,1
83,46,54,24,1889,206,2013,8,2
83,46,54,24,1877,206,2013,8,3
83,46,54,24,1872,206,2013,8,4
83,49,58,24,1874,206,2013,8,5
83,49,58,24,1874,206,2013,8,6
83,49,58,24,1883,206,2013,8,7
83,49,58,24,1877,206,2013,8,8
83,49,58,24,1879,205,2013,8,9
83,49,58,24,1877,205,2013,8,10
83,46,55,24,1917,205,2013,8,11
83,46,55,24,1920,205,2013,8,12
83,46,55,24,1917,205,2013,8,13
83,46,55,24,1919,205,2013,8,14
83,46,55,24,1924,205,2013,8,15
83,46,55,24,1923,205,2013,8,16
83,46,55,24,1923,205,2013,8,17
83,46,55,24,1920,205,2013,8,18
83,46,55,24,1922,205,2013,8,19
83,46,55,24,1917,205,2013,8,20
83,46,54,24,1916,205,2013,8,21
83,46,54,24,1920,205,2013,8,22
84,46,54,24,1903,205,2013,8,23
84,46,54,24,1903,205,2013,8,24
84,46,54,24,1897,205,2013,8,25
84,46,54,24,1895,205,2013,8,26
84,46,54,24,1891,205,2013,8,27
84,46,54,24,1895,205,2013,8,28
83,46,54,24,1894,205,2013,8,29
86,47,54,24,1904,205,2013,8,30
86,47,54,24,1905,205,2013,8,31
86,47,54,24,1898,205,2013,9,1
88,52,58,24,1903,205,2013,9,2
88,52,58,24,1907,204,2013,9,3
88,53,59,24,1905,204,2013,9,4
88,53,59,24,1907,204,2013,9,5
88,53,59,24,1907,204,2013,9,6
84,50,59,24,1889,204,2013,9,7
84,50,59,24,1885,204,2013,9,8
84,50,59,24,1887,204,2013,9,9
87,52,59,24,1861,204,2013,9,10
87,53,60,24,1858,204,2013,9,11
87,53,60,24,1857,204,2013,9,12
87,53,60,24,1860,204,2013,9,13
87,55,62,24,1858,204,2013,9,14
87,55,62,24,1838,204,2013,9,15
89,56,62,24,1841,204,2013,9,16
89,56,62,24,1844,204,2013,9,17
89,56,62,24,1828,204,2013,9,18
89,56,62,24,1837,204,2013,9,19
89,56,62,24,1842,204,2013,9,20
89,56,62,24,1840,204,2013,9,21
89,56,62,24,1843,204,2013,9,22
88,55,62,24,1849,204,2013,9,23
88,55,62,24,1845,204,2013,9,24
88,55,62,24,1842,204,2013,9,25
88,57,64,24,1847,204,2013,9,26
88,57,64,24,1843,204,2013,9,27
88,57,64,24,1840,204,2013,9,28
88,57,64,24,1847,203,2013,9,29
88,56,63,24,1847,203,2013,9,30
88,56,63,24,1791,203,2013,10,1
88,56,63,24,1811,203,2013,10,2
88,56,63,24,1808,203,2013,10,3
88,56,63,24,1812,203,2013,10,4
88,64,72,24,1807,203,2013,10,5
88,64,72,24,1813,203,2013,10,6
88,64,72,24,1820,203,2013,10,7
88,64,72,24,1815,203,2013,10,8
90,65,72,24,1821,203,2013,10,9
90,65,72,24,1816,203,2013,10,10
90,65,72,24,1817,203,2013,10,11
90,62,68,24,1819,203,2013,10,12
90,62,68,24,1821,203,2013,10,13
90,62,68,24,1833,203,2013,10,14
90,62,68,24,1879,203,2013,10,15
90,62,68,24,1832,203,2013,10,16
90,62,68,24,1838,203,2013,10,17
90,62,68,24,1838,203,2013,10,18
90,62,68,24,1835,203,2013,10,19
90,58,64,24,1835,203,2013,10,20
90,58,64,24,1837,203,2013,10,21
90,58,64,24,1739,203,2013,10,22
90,58,64,24,1938,203,2013,10,23
90,58,64,24,1937,203,2013,10,24
90,58,64,24,1739,202,2013,10,25
89,58,64,24,1736,202,2013,10,26
89,58,64,24,1740,202,2013,10,27
89,58,64,24,1738,202,2013,10,28
90,58,64,24,1736,202,2013,10,29
90,58,64,24,1737,202,2013,10,30
88,57,64,24,1839,202,2013,10,31
88,60,68,24,1937,202,2013,11,1
88,60,68,24,1838,202,2013,11,2
90,62,68,24,1839,202,2013,11,3
90,62,68,24,1837,202,2013,11,4
90,62,68,24,1838,202,2013,11,5
90,62,68,24,1839,202,2013,11,6
90,62,68,24,1837,202,2013,11,7
90,62,68,24,1839,202,2013,11,8
90,62,68,24,1837,202,2013,11,9
90,63,70,24,1844,202,2013,11,10
90,68,75,24,1843,202,2013,11,11
90,68,75,24,1843,202,2013,11,12
90,68,75,24,1884,202,2013,11,13
90,68,75,24,1847,202,2013,11,14
90,68,75,24,1844,202,2013,11,15
90,66,73,24,1847,202,2013,11,16
90,66,73,24,1840,202,2013,11,17
90,66,73,24,1845,202,2013,11,18
90,66,73,24,1891,202,2013,11,19
90,66,73,24,1875,201,2013,11,20
90,66,73,24,1796,201,2013,11,21
90,62,69,24,1749,201,2013,11,22
89,62,69,24,1753,201,2013,11,23
89,62,69,24,1763,201,2013,11,24
89,62,69,24,1757,201,2013,11,25
89,62,69,24,1783,201,2013,11,26
89,68,76,24,1790,201,2013,11,27
89,68,76,24,1814,201,2013,11,28
88,67,76,24,1822,201,2013,11,29
88,67,76,24,1822,201,2013,11,30
88,63,71,24,1826,201,2013,12,1
88,63,71,24,1819,201,2013,12,2
89,64,71,24,1831,201,2013,12,3
89,64,71,24,1849,201,2013,12,4
89,64,71,24,1852,201,2013,12,5
89,64,71,24,1849,201,2013,12,6
89,64,71,24,1864,201,2013,12,7
89,67,75,24,1870,201,2013,12,8
89,67,75,24,1870,201,2013,12,9
89,67,75,24,1870,201,2013,12,10
88,66,75,24,1857,201,2013,12,11
88,66,75,24,1857,201,2013,12,12
88,66,75,24,1868,201,2013,12,13
88,66,75,24,1868,201,2013,12,14
88,66,75,24,1868,201,2013,12,15
88,66,75,24,1866,200,2013,12,16
88,67,76,24,1859,200,2013,12,17
90,69,76,24,1854,200,2013,12,18
89,65,73,24,1851,200,2013,12,19
89,65,73,24,1851,200,2013,12,20
89,65,73,24,1851,200,2013,12,21
90,66,73,24,1851,200,2013,12,22
90,68,75,24,1844,200,2013,12,23
90,69,76,24,1848,200,2013,12,24
90,69,76,24,1844,200,2013,12,25
90,69,76,24,1834,200,2013,12,26
90,69,76,24,1836,200,2013,12,27
92,70,76,24,1831,200,2013,12,28
92,67,72,24,1833,200,2013,12,29
92,67,72,24,1824,200,2013,12,30
92,67,72,24,1825,200,2013,12,31
92,67,72,24,1821,200,2014,1,1
91,66,72,24,1813,200,2014,1,2
91,71,78,24,1824,200,2014,1,3
91,71,78,24,1829,200,2014,1,4
91,71,78,24,1825,200,2014,1,5
91,71,78,24,1828,200,2014,1,6
91,71,78,24,1821,200,2014,1,7
89,70,78,24,1825,200,2014,1,8
89,65,73,24,1828,200,2014,1,9
89,65,73,24,1838,199,2014,1,10
89,65,73,24,1864,199,2014,1,11
89,65,73,24,1873,199,2014,1,12
89,65,73,24,1862,199,2014,1,13
89,65,73,24,1874,199,2014,1,14
89,65,73,24,1892,199,2014,1,15
89,65,73,24,1891,199,2014,1,16
89,65,73,24,1891,199,2014,1,17
89,64,71,24,1942,199,2014,1,18
89,64,71,24,1842,199,2014,1,19
88,63,71,24,1853,199,2014,1,20
88,63,71,24,1854,199,2014,1,21
87,62,71,24,1874,199,2014,1,22
88,66,75,24,1871,199,2014,1,23
88,66,75,24,1882,199,2014,1,24
88,66,75,24,1907,199,2014,1,25
89,67,75,24,1920,199,2014,1,26
89,67,75,24,1869,199,2014,1,27
89,67,75,24,1863,199,2014,1,28
89,65,73,24,1847,199,2014,1,29
89,65,73,24,1847,199,2014,1,30
83,61,73,24,1853,199,2014,1,31
83,61,73,24,1870,199,2014,2,1
83,64,77,24,1877,199,2014,2,2
89,69,77,24,1892,199,2014,2,3
89,67,75,24,1885,199,2014,2,4
89,67,75,24,1893,198,2014,2,5
88,66,75,24,1890,198,2014,2,6
88,66,75,24,1883,198,2014,2,7
86,65,75,24,1879,198,2014,2,8
86,65,75,24,1920,198,2014,2,9
86,65,75,24,1930,198,2014,2,10
86,65,75,24,1929,198,2014,2,11
86,65,75,24,1931,198,2014,2,12
86,65,75,24,1930,198,2014,2,13
86,65,75,24,1925,198,2014,2,14
86,60,69,24,1925,198,2014,2,15
86,60,69,24,1890,198,2014,2,16
86,60,69,24,1897,198,2014,2,17
86,60,69,24,1893,198,2014,2,18
86,60,69,24,1899,198,2014,2,19
86,60,69,24,1884,198,2014,2,20
86,60,69,24,1894,198,2014,2,21
86,60,69,24,1922,198,2014,2,22
86,58,67,24,1922,198,2014,2,23
86,58,67,24,1922,198,2014,2,24
82,56,67,24,1922,198,2014,2,25
82,56,67,24,1927,198,2014,2,26
82,56,67,24,1917,198,2014,2,27
82,56,67,24,1927,198,2014,2,28
82,56,67,24,1923,198,2014,3,1
82,56,67,24,1921,198,2014,3,2
82,61,74,24,1921,197,2014,3,3
82,61,74,24,1921,197,2014,3,4
82,61,74,24,1925,197,2014,3,5
82,61,74,24,1922,197,2014,3,6
83,62,74,24,1927,197,2014,3,7
83,62,74,24,1925,197,2014,3,8
83,59,70,24,1928,197,2014,3,9
83,59,70,24,1934,197,2014,3,10
83,59,70,24,1940,197,2014,3,11
76,54,70,24,1932,197,2014,3,12
76,54,70,24,1932,197,2014,3,13
76,54,70,24,1932,197,2014,3,14
76,54,70,24,1932,197,2014,3,15
76,54,70,24,1932,197,2014,3,16
76,54,70,24,1932,197,2014,3,17
76,54,70,24,1932,197,2014,3,18
76,54,70,24,1932,197,2014,3,19
76,54,70,24,1932,197,2014,3,20
76,54,70,24,1932,197,2014,3,21
76,54,70,24,1932,197,2014,3,22
76,54,70,24,1932,197,2014,3,23
76,54,70,24,1932,197,2014,3,24
76,54,70,24,1932,197,2014,3,25
76,54,70,24,1932,197,2014,3,26
76,54,70,24,1932,197,2014,3,27
76,54,70,24,1932,197,2014,3,28
98,95,97,24,1534,196,2014,3,29
99,92,93,24,1534,196,2014,3,30
100,80,80,24,1628,196,2014,3,31
97,73,75,24,1724,196,2014,4,1
94,62,65,24,1714,196,2014,4,2
94,62,65,24,1741,196,2014,4,3
94,62,65,24,1730,196,2014,4,4
90,64,70,24,1821,196,2014,4,5
90,64,70,24,1836,196,2014,4,6
90,64,70,24,1840,196,2014,4,7
90,64,70,24,1851,196,2014,4,8
88,62,70,24,1859,196,2014,4,9
87,61,70,24,1867,196,2014,4,10
87,61,69,24,1864,196,2014,4,11
87,61,69,24,1859,196,2014,4,12
88,61,69,24,1864,196,2014,4,13
88,61,69,24,1871,196,2014,4,14
88,61,69,24,1871,196,2014,4,15
86,60,69,24,1869,196,2014,4,16
86,60,69,24,1871,196,2014,4,17
86,58,67,24,1880,196,2014,4,18
86,58,67,24,1878,196,2014,4,19
86,57,66,24,1876,196,2014,4,20
88,59,66,24,1877,196,2014,4,21
88,59,66,24,1874,196,2014,4,22
88,59,66,24,1874,195,2014,4,23
88,58,65,24,1862,195,2014,4,24
88,58,65,24,1865,195,2014,4,25
88,58,65,24,1871,195,2014,4,26
88,58,65,24,1873,195,2014,4,27
88,55,62,24,1870,195,2014,4,28
88,55,62,24,1874,195,2014,4,29
86,54,62,24,1871,195,2014,4,30
88,55,62,24,1882,195,2014,5,1
87,57,65,24,1885,195,2014,5,2
87,57,65,24,1862,195,2014,5,3
87,57,65,24,1854,195,2014,5,4
87,57,65,24,1862,195,2014,5,5
87,57,65,24,1857,195,2014,5,6
88,58,65,24,1860,195,2014,5,7
88,58,65,24,1863,195,2014,5,8
88,60,68,24,1862,195,2014,5,9
88,60,68,24,1864,195,2014,5,10
88,60,68,24,1900,195,2014,5,11
89,61,68,24,1908,195,2014,5,12
89,61,68,24,1922,195,2014,5,13
89,61,68,24,1924,195,2014,5,14
89,61,68,24,1930,195,2014,5,15
92,61,66,24,1931,195,2014,5,16
92,61,66,24,1951,195,2014,5,17
92,61,66,24,1912,195,2014,5,18
84,56,66,22,1885,194,2014,5,19
89,59,66,24,1899,194,2014,5,20
79,53,66,21,1854,194,2014,5,21
87,58,66,24,1908,194,2014,5,22
88,59,66,24,1911,194,2014,5,23
88,59,66,24,1927,194,2014,5,24
88,61,69,24,1942,194,2014,5,25
80,55,69,22,1956,194,2014,5,26
88,61,69,24,1950,194,2014,5,27
80,55,69,22,1954,194,2014,5,28
87,61,69,24,1858,194,2014,5,29
87,61,69,24,1907,194,2014,5,30
79,55,69,22,1924,194,2014,5,31
87,61,69,24,1799,194,2014,6,1
87,62,71,24,1916,194,2014,6,2
87,62,71,24,1931,194,2014,6,3
84,60,71,24,1972,194,2014,6,4
84,60,71,24,1947,194,2014,6,5
76,55,72,22,1955,194,2014,6,6
82,60,72,24,1951,194,2014,6,7
82,60,72,24,1937,194,2014,6,8
82,60,72,24,1951,194,2014,6,9
82,60,72,24,1951,194,2014,6,10
82,60,72,24,1953,194,2014,6,11
82,60,72,24,1951,194,2014,6,12
82,60,72,24,1949,194,2014,6,13
82,61,74,24,1949,193,2014,6,14
82,61,74,24,1951,193,2014,6,15
82,61,74,24,1950,193,2014,6,16
82,61,74,24,1956,193,2014,6,17
75,56,74,22,1956,193,2014,6,18
82,61,74,24,1906,193,2014,6,19
83,62,74,24,1907,193,2014,6,20
83,62,74,24,1904,193,2014,6,21
76,56,74,22,1911,193,2014,6,22
83,62,74,24,1904,193,2014,6,23
80,59,74,23,1903,193,2014,6,24
79,59,74,23,1871,193,2014,6,25
83,62,74,24,1876,193,2014,6,26
76,56,74,22,1889,193,2014,6,27
83,62,74,24,1869,193,2014,6,28
74,55,74,22,1869,193,2014,6,29
81,60,74,24,1886,193,2014,6,30
81,60,74,24,1887,193,2014,7,1
80,60,74,24,1887,193,2014,7,2
80,60,74,24,1887,193,2014,7,3
80,60,74,24,1890,193,2014,7,4
80,60,74,24,1835,193,2014,7,5
80,60,74,24,1838,193,2014,7,6
80,60,74,24,1885,193,2014,7,7
80,60,74,24,1888,193,2014,7,8
80,60,74,24,1885,193,2014,7,9
80,60,74,24,1883,192,2014,7,10
80,60,74,24,1897,192,2014,7,11
80,60,75,24,1898,192,2014,7,12
80,60,75,24,1903,192,2014,7,13
80,60,75,24,1915,192,2014,7,14
80,60,75,24,1915,192,2014,7,15
80,60,75,24,1915,192,2014,7,16
80,62,78,24,1922,192,2014,7,17
80,62,78,24,1929,192,2014,7,18
80,62,78,24,1928,192,2014,7,19
80,62,78,24,1928,192,2014,7,20
80,62,78,24,1917,192,2014,7,21
80,62,78,24,1920,192,2014,7,22
80,62,78,24,1918,192,2014,7,23
80,62,78,24,1912,192,2014,7,24
80,62,78,24,1912,192,2014,7,25
80,62,78,24,1912,192,2014,7,26
75,56,74,23,1924,192,2014,7,27
78,61,78,23,1918,192,2014,7,28
80,63,78,24,1918,192,2014,7,29
80,63,78,24,1918,192,2014,7,30
73,58,78,22,1918,192,2014,7,31
80,63,78,24,1921,192,2014,8,1
80,63,78,24,1921,192,2014,8,2
80,63,78,24,1921,192,2014,8,3
73,58,79,22,1921,192,2014,8,4
80,64,79,24,1921,191,2014,8,5
80,64,79,24,1921,191,2014,8,6
73,58,79,22,1921,191,2014,8,7
80,64,79,24,1921,191,2014,8,8
73,61,83,22,1921,191,2014,8,9
80,67,83,24,1918,191,2014,8,10
72,54,74,22,1918,191,2014,8,11
80,60,74,24,1918,191,2014,8,12
73,54,74,22,1918,191,2014,8,13
80,60,74,24,1918,191,2014,8,14
73,54,74,22,1918,191,2014,8,15
73,54,74,22,1918,191,2014,8,16
73,54,74,22,1918,191,2014,8,17
62,46,74,19,1918,191,2014,8,18
73,54,74,22,1918,191,2014,8,19
81,60,74,24,1918,191,2014,8,20
74,55,74,22,1920,191,2014,8,21
81,60,74,24,1917,191,2014,8,22
74,55,74,22,1917,191,2014,8,23
75,56,74,22,1917,191,2014,8,24
81,60,74,24,1915,191,2014,8,25
74,52,70,22,1920,191,2014,8,26
74,52,70,22,1920,191,2014,8,27
81,57,70,24,1920,191,2014,8,28
81,57,70,24,1920,191,2014,8,29
74,52,70,22,1920,190,2014,8,30
81,57,70,24,1920,190,2014,8,31
75,48,64,22,1920,190,2014,9,1
82,53,64,24,1920,190,2014,9,2
68,44,64,20,1920,190,2014,9,3
75,50,66,22,1920,190,2014,9,4
82,55,66,24,1920,190,2014,9,5
79,53,66,23,1920,190,2014,9,6
78,52,66,23,1920,190,2014,9,7
75,50,66,22,1920,190,2014,9,8
75,49,64,22,1920,190,2014,9,9
75,48,64,22,1920,190,2014,9,10
75,48,64,22,1920,190,2014,9,11
75,49,64,22,1920,190,2014,9,12
75,48,64,22,1920,190,2014,9,13
82,53,64,24,1920,190,2014,9,14
75,48,64,22,1920,190,2014,9,15
82,53,64,24,1920,190,2014,9,16
75,48,64,22,1937,190,2014,9,17
75,48,64,22,1912,190,2014,9,18
75,48,64,22,1924,190,2014,9,19
82,53,64,24,1924,190,2014,9,20
75,49,64,22,1941,190,2014,9,21
75,49,64,22,1955,190,2014,9,22
82,53,64,24,1907,190,2014,9,23
75,48,64,22,1931,190,2014,9,24
75,44,58,22,1931,189,2014,9,25
83,49,58,24,1951,189,2014,9,26
76,45,58,22,1919,189,2014,9,27
83,49,58,24,1900,189,2014,9,28
76,45,58,22,1895,189,2014,9,29
83,49,58,24,1933,189,2014,9,30
75,41,54,22,1942,189,2014,10,1
82,45,54,24,1929,189,2014,10,2
75,41,54,22,1987,189,2014,10,3
82,45,54,24,1934,189,2014,10,4
75,41,54,22,1958,189,2014,10,5
82,52,62,24,1942,189,2014,10,6
72,45,62,22,1976,189,2014,10,7
78,49,62,24,1946,189,2014,10,8
72,45,62,22,1978,189,2014,10,9
71,45,62,24,1897,189,2014,10,10
71,45,63,24,1919,189,2014,10,11
81,52,63,24,1953,189,2014,10,12
81,52,63,24,1916,189,2014,10,13
82,52,63,24,1918,189,2014,10,14
82,52,63,24,1914,189,2014,10,15
77,45,58,24,1917,189,2014,10,16
65,38,58,24,1905,189,2014,10,17
60,35,58,22,1883,189,2014,10,18
68,40,58,20,1922,189,2014,10,19
75,44,58,22,1898,189,2014,10,20
71,42,58,22,1897,188,2014,10,21
71,42,58,22,1803,188,2014,10,22
78,46,58,24,1803,188,2014,10,23
71,45,62,22,1803,188,2014,10,24
79,50,62,24,1803,188,2014,10,25
60,38,62,24,1803,188,2014,10,26
68,43,62,24,1803,188,2014,10,27
68,43,62,24,1803,188,2014,10,28
74,46,62,24,1803,188,2014,10,29
74,47,63,24,1803,188,2014,10,30
74,47,63,24,1803,188,2014,10,31
63,40,63,20,1803,188,2014,11,1
21,13,63,22,1803,188,2014,11,2
42,26,62,24,1803,188,2014,11,3
29,18,62,24,1803,188,2014,11,4
82,52,62,24,1803,188,2014,11,5
67,42,62,24,1803,188,2014,11,6
70,44,62,24,1803,188,2014,11,7
72,45,62,24,1803,188,2014,11,8
73,46,62,24,1853,188,2014,11,9
73,46,62,24,1870,188,2014,11,10
74,46,62,24,1861,188,2014,11,11
76,46,59,24,1823,188,2014,11,12
76,46,59,24,1823,188,2014,11,13
76,46,59,24,1823,188,2014,11,14
76,46,59,24,1823,188,2014,11,15
76,46,59,24,1823,187,2014,11,16
76,46,59,24,1823,187,2014,11,17
76,46,59,24,1823,187,2014,11,18
76,46,59,24,1823,187,2014,11,19
76,46,59,24,1823,187,2014,11,20
76,46,59,24,1823,187,2014,11,21
76,46,59,24,1823,187,2014,11,22
76,46,59,24,1823,187,2014,11,23
76,46,59,24,1823,187,2014,11,24
76,46,59,24,1823,187,2014,11,25
76,46,59,24,1823,187,2014,11,26
76,46,59,24,1823,187,2014,11,27
76,46,59,24,1823,187,2014,11,28
76,46,59,24,1823,187,2014,11,29
76,46,59,24,1823,187,2014,11,30
76,46,59,24,1823,187,2014,12,1
86,84,98,24,1611,187,2014,12,2
83,81,98,24,1594,187,2014,12,3
82,80,98,24,1614,187,2014,12,4
82,80,98,24,1614,187,2014,12,5
82,76,92,24,1682,187,2014,12,6
85,68,80,24,1741,187,2014,12,7
81,49,60,24,1762,187,2014,12,8
81,49,60,24,1782,187,2014,12,9
81,49,60,24,1788,187,2014,12,10
81,49,60,24,1794,186,2014,12,11
75,46,60,24,1798,186,2014,12,12
75,46,60,24,1805,186,2014,12,13
75,46,60,24,1804,186,2014,12,14
75,46,60,24,1807,186,2014,12,15
75,46,61,24,1809,186,2014,12,16
78,48,61,24,1808,186,2014,12,17
78,48,61,24,1814,186,2014,12,18
78,51,65,24,1824,186,2014,12,19
78,51,65,24,1823,186,2014,12,20
77,51,65,24,1818,186,2014,12,21
76,50,65,24,1820,186,2014,12,22
76,45,58,24,1817,186,2014,12,23
75,44,58,24,1823,186,2014,12,24
75,44,58,24,1827,186,2014,12,25
75,44,58,24,1838,186,2014,12,26
75,44,58,24,1823,186,2014,12,27
75,44,58,24,1835,186,2014,12,28
74,44,58,24,1835,186,2014,12,29
74,42,56,24,1843,186,2014,12,30
74,42,56,24,1854,186,2014,12,31
74,42,56,24,1853,186,2015,1,1
74,42,56,24,1857,186,2015,1,2
73,42,56,24,1853,186,2015,1,3
72,41,56,24,1856,186,2015,1,4
73,48,65,24,1805,186,2015,1,5
73,48,65,24,1804,185,2015,1,6
70,46,65,23,1817,185,2015,1,7
73,48,65,24,1823,185,2015,1,8
73,48,65,24,1925,185,2015,1,9
71,45,63,23,1823,185,2015,1,10
69,44,63,23,1811,185,2015,1,11
73,47,63,24,1815,185,2015,1,12
72,46,63,24,1821,185,2015,1,13
73,47,63,24,1821,185,2015,1,14
73,47,63,24,1830,185,2015,1,15
73,47,63,24,1841,185,2015,1,16
73,47,63,24,1857,185,2015,1,17
67,43,63,22,1870,185,2015,1,18
73,47,63,24,1873,185,2015,1,19
73,48,65,24,1867,185,2015,1,20
73,48,65,24,1887,185,2015,1,21
73,48,65,24,1894,185,2015,1,22
73,48,65,24,1911,185,2015,1,23
73,48,65,24,1918,185,2015,1,24
73,48,65,24,1877,185,2015,1,25
73,48,65,24,1886,185,2015,1,26
73,53,72,24,1886,185,2015,1,27
73,53,72,24,1899,185,2015,1,28
73,53,72,24,1910,185,2015,1,29
73,53,72,24,1917,185,2015,1,30
73,53,72,24,1922,185,2015,1,31
73,53,72,24,1920,184,2015,2,1
73,53,72,24,1931,184,2015,2,2
73,55,75,24,1940,184,2015,2,3
68,51,75,24,1940,184,2015,2,4
68,51,75,24,1949,184,2015,2,5
68,51,75,24,1963,184,2015,2,6
68,52,76,24,1960,184,2015,2,7
68,52,76,24,1962,184,2015,2,8
68,52,76,24,1960,184,2015,2,9
68,52,76,24,1991,184,2015,2,10
68,52,76,24,1991,184,2015,2,11
68,52,76,24,1970,184,2015,2,12
68,52,76,24,1975,184,2015,2,13
68,52,76,24,1972,184,2015,2,14
62,47,76,22,1980,184,2015,2,15
68,52,76,24,1970,184,2015,2,16
68,52,76,24,1971,184,2015,2,17
68,52,76,24,1977,184,2015,2,18
68,52,76,24,1965,184,2015,2,19
68,52,76,24,1965,184,2015,2,20
62,44,71,22,1982,184,2015,2,21
63,45,71,22,1971,184,2015,2,22
60,43,71,21,1950,184,2015,2,23
60,43,71,21,1978,184,2015,2,24
56,43,76,20,1970,184,2015,2,25
68,52,76,24,1982,184,2015,2,26
62,47,76,22,1989,183,2015,2,27
68,52,76,24,1972,183,2015,2,28
68,52,76,24,1974,183,2015,3,1
68,49,71,24,1975,183,2015,3,2
63,45,71,22,1977,183,2015,3,3
67,48,71,24,1957,183,2015,3,4
66,47,71,23,1963,183,2015,3,5
63,45,71,22,1952,183,2015,3,6
68,49,71,24,1958,183,2015,3,7
62,44,71,22,1958,183,2015,3,8
81,58,71,24,1958,183,2015,3,9
71,50,70,22,1961,183,2015,3,10
71,50,70,22,1965,183,2015,3,11
78,55,70,24,1957,183,2015,3,12
71,50,70,22,1931,183,2015,3,13
78,55,70,24,1953,183,2015,3,14
40,29,70,12,1956,183,2015,3,15
71,50,70,22,1960,183,2015,3,16
78,55,70,24,1962,183,2015,3,17
72,51,70,22,1930,183,2015,3,18
80,57,70,24,1949,183,2015,3,19
73,52,70,22,1935,183,2015,3,20
77,55,71,24,1960,183,2015,3,21
77,55,71,24,1960,183,2015,3,22
70,50,71,22,1960,183,2015,3,23
70,50,71,22,1951,183,2015,3,24
74,53,71,22,1948,182,2015,3,25
74,53,71,22,1948,182,2015,3,26
74,53,71,22,1939,182,2015,3,27
74,53,71,22,1939,182,2015,3,28
74,53,71,22,1942,182,2015,3,29
74,53,70,22,1948,182,2015,3,30
81,57,70,24,1950,182,2015,3,31
65,46,70,20,1948,182,2015,4,1
73,51,70,22,1934,182,2015,4,2
73,51,70,22,1934,182,2015,4,3
69,48,70,21,1940,182,2015,4,4
80,57,70,24,1947,182,2015,4,5
60,43,70,18,1933,182,2015,4,6
61,43,70,18,1928,182,2015,4,7
70,50,70,21,1928,182,2015,4,8
74,52,70,22,1926,182,2015,4,9
72,51,70,21,1938,182,2015,4,10
74,52,70,22,1946,182,2015,4,11
74,53,70,22,1944,182,2015,4,12
73,52,70,22,1945,182,2015,4,13
74,52,70,22,1945,182,2015,4,14
73,52,70,22,1945,182,2015,4,15
73,53,71,22,1945,182,2015,4,16
70,50,71,21,1945,182,2015,4,17
72,51,71,22,1945,182,2015,4,18
72,51,71,22,1942,181,2015,4,19
72,49,67,22,1942,181,2015,4,20
72,49,67,22,1942,181,2015,4,21
71,48,67,22,1951,181,2015,4,22
64,43,67,20,1971,181,2015,4,23
72,50,69,22,1971,181,2015,4,24
69,48,69,21,1937,181,2015,4,25
72,50,69,22,1938,181,2015,4,26
72,50,69,22,1939,181,2015,4,27
72,50,69,22,1940,181,2015,4,28
66,46,69,20,1944,181,2015,4,29
71,50,69,22,1941,181,2015,4,30
71,50,69,22,1941,181,2015,5,1
71,50,70,22,1938,181,2015,5,2
70,49,70,22,1940,181,2015,5,3
70,49,70,22,1949,181,2015,5,4
70,49,70,22,1940,181,2015,5,5
69,47,68,22,1935,181,2015,5,6
69,47,68,22,1960,181,2015,5,7
69,47,68,22,1937,181,2015,5,8
69,47,68,22,1942,181,2015,5,9
65,41,62,21,1942,181,2015,5,10
53,33,62,17,1942,181,2015,5,11
69,43,62,22,1942,181,2015,5,12
69,43,62,22,1942,181,2015,5,13
70,44,62,22,1942,181,2015,5,14
70,44,62,22,1942,180,2015,5,15
70,44,62,22,1942,180,2015,5,16
70,44,62,22,1942,180,2015,5,17
70,44,62,22,1942,180,2015,5,18
70,44,62,22,1942,180,2015,5,19
70,44,62,22,1942,180,2015,5,20
62,39,62,20,1942,180,2015,5,21
70,44,62,22,1931,180,2015,5,22
65,42,64,21,1926,180,2015,5,23
69,45,64,22,1927,180,2015,5,24
73,48,64,22,1927,180,2015,5,25
76,49,64,22,1927,180,2015,5,26
69,45,64,20,1927,180,2015,5,27
69,45,64,20,1942,180,2015,5,28
68,44,64,20,1951,180,2015,5,29
74,48,64,22,1938,180,2015,5,30
66,43,64,20,1948,180,2015,6,1
74,48,64,22,1932,180,2015,6,2
63,41,64,19,1948,180,2015,6,3
81,52,64,24,1939,180,2015,6,4
55,35,64,16,1887,180,2015,6,5
72,47,64,22,1906,180,2015,6,6
61,40,64,18,1902,180,2015,6,7
67,44,64,20,1897,180,2015,6,8
71,46,64,21,1886,180,2015,6,9
69,45,64,21,1886,180,2015,6,10
68,44,64,21,1886,179,2015,6,11
72,46,64,22,1886,179,2015,6,12
59,38,64,18,1869,179,2015,6,13
75,48,64,23,1869,179,2015,6,14
75,49,64,22,1857,179,2015,6,15
74,48,64,22,1876,179,2015,6,16
81,52,64,24,1820,179,2015,6,17
81,52,64,24,1888,179,2015,6,18
74,48,64,22,1879,179,2015,6,19
81,52,64,24,1879,179,2015,6,20
81,52,64,24,1762,179,2015,6,21
80,52,64,24,1854,179,2015,6,22
84,55,65,24,1897,179,2015,6,23
84,55,65,24,1897,179,2015,6,24
84,55,65,24,1897,179,2015,6,25
84,55,65,24,1897,179,2015,6,26
84,55,65,24,1897,179,2015,6,27
84,55,65,24,1897,179,2015,6,28
84,55,65,24,1897,179,2015,6,29
84,55,65,24,1897,179,2015,6,30
84,55,65,24,1897,179,2015,7,1
84,55,65,24,1897,179,2015,7,2
84,55,65,24,1897,179,2015,7,3
57,54,95,20,1532,179,2015,7,4
57,54,95,18,1529,179,2015,7,5
55,53,95,17,1570,179,2015,7,6
62,59,95,19,1572,178,2015,7,7
70,67,96,22,1570,178,2015,7,8
56,54,96,18,1556,178,2015,7,9
31,30,98,8,1556,178,2015,7,10
110,99,90,24,1709,178,2015,7,11
113,96,85,24,1734,178,2015,7,12
95,76,80,24,1786,178,2015,7,13
79,58,72,24,1801,178,2015,7,14
76,50,65,24,1808,178,2015,7,15
71,54,75,24,1782,178,2015,7,16
71,52,73,24,1806,178,2015,7,17
70,50,70,24,1790,178,2015,7,18
70,50,70,24,1786,178,2015,7,19
70,50,70,24,1786,178,2015,7,20
70,49,70,24,1788,178,2015,7,21
71,50,70,24,1789,178,2015,7,22
71,50,70,24,1795,178,2015,7,23
71,50,70,24,1801,178,2015,7,24
71,50,70,24,1808,178,2015,7,25
69,46,67,24,1816,178,2015,7,26
69,46,67,24,1822,178,2015,7,27
67,45,67,24,1833,178,2015,7,28
67,45,67,24,1837,178,2015,7,29
70,47,67,24,1845,178,2015,7,30
70,47,67,24,1852,178,2015,7,31
69,47,67,24,1850,177,2015,8,1
69,47,67,24,1861,177,2015,8,2
69,47,67,24,1865,177,2015,8,3
69,47,67,24,1871,177,2015,8,4
69,47,67,24,1868,177,2015,8,5
69,47,67,24,1873,177,2015,8,6
68,46,67,24,1868,177,2015,8,7
68,46,67,24,1857,177,2015,8,8
68,46,67,24,1883,177,2015,8,9
70,48,67,24,1886,177,2015,8,10
70,48,67,24,1886,177,2015,8,11
67,46,67,24,1981,177,2015,8,12
67,46,67,24,1889,177,2015,8,13
67,46,67,24,1897,177,2015,8,14
67,45,67,24,1909,177,2015,8,15
62,42,67,22,1904,177,2015,8,16
51,35,67,18,1820,177,2015,8,17
63,43,67,23,1818,177,2015,8,18
86,58,67,24,1860,177,2015,8,19
86,58,67,24,1860,177,2015,8,20
86,58,67,24,1843,177,2015,8,21
87,59,67,24,1845,177,2015,8,22
82,56,67,24,1844,177,2015,8,23
82,56,67,24,1844,177,2015,8,24
82,56,67,24,1850,177,2015,8,25
82,56,67,24,1850,177,2015,8,26
83,56,67,24,1857,176,2015,8,27
83,56,67,24,1868,176,2015,8,28
83,59,70,24,1868,176,2015,8,29
83,59,70,24,1858,176,2015,8,30
76,54,70,22,1858,176,2015,8,31
78,55,70,22,1858,176,2015,9,1
78,55,70,22,1959,176,2015,9,2
78,55,70,22,1852,176,2015,9,3
78,55,70,22,1872,176,2015,9,4
74,52,70,21,1875,176,2015,9,5
74,52,70,21,1846,176,2015,9,6
78,55,70,22,1846,176,2015,9,7
80,57,70,22,1824,176,2015,9,8
80,57,70,22,1875,176,2015,9,9
73,52,70,20,1875,176,2015,9,10
73,51,70,20,1838,176,2015,9,11
81,57,70,22,1828,176,2015,9,12
73,52,70,20,1843,176,2015,9,13
73,53,72,20,1843,176,2015,9,14
77,56,72,21,1843,176,2015,9,15
80,58,72,22,1940,176,2015,9,16
88,64,72,24,1940,176,2015,9,17
80,58,72,22,1837,176,2015,9,18
88,64,72,24,1848,176,2015,9,19
88,64,72,24,1845,176,2015,9,20
81,59,72,22,1853,176,2015,9,21
88,64,72,24,1838,175,2015,9,22
88,64,72,24,1843,175,2015,9,23
88,64,72,24,1846,175,2015,9,24
83,61,72,23,1845,175,2015,9,25
73,53,72,23,1845,175,2015,9,26
76,55,72,24,1841,175,2015,9,27
76,55,72,24,1843,175,2015,9,28
76,55,72,24,1845,175,2015,9,29
72,53,72,24,1847,175,2015,9,30
72,53,72,24,1846,175,2015,10,1
72,53,72,24,1848,175,2015,10,2
72,53,72,24,1846,175,2015,10,3
74,54,72,24,1845,175,2015,10,4
74,54,72,24,1847,175,2015,10,5
74,54,72,24,1846,175,2015,10,6
73,52,70,24,1847,175,2015,10,7
73,52,70,24,1846,175,2015,10,8
71,50,70,24,1846,175,2015,10,9
71,50,70,24,1846,175,2015,10,10
71,50,70,24,1848,175,2015,10,11
66,47,70,24,1845,175,2015,10,12
66,47,70,24,1849,175,2015,10,13
70,49,70,24,1854,175,2015,10,14
70,49,70,24,1855,175,2015,10,15
73,52,70,24,1855,175,2015,10,16
73,52,70,24,1861,175,2015,10,17
67,48,70,24,1862,174,2015,10,18
72,51,70,24,1855,174,2015,10,19
72,51,70,24,1855,174,2015,10,20
72,51,70,24,1860,174,2015,10,21
68,48,70,24,1866,174,2015,10,22
68,48,70,24,1867,174,2015,10,23
69,49,70,24,1867,174,2015,10,24
69,49,70,24,1877,174,2015,10,25
71,50,70,24,1876,174,2015,10,26
71,50,70,24,1877,174,2015,10,27
71,50,70,24,1882,174,2015,10,28
65,46,70,22,1906,174,2015,10,29
65,46,70,22,1906,174,2015,10,30
60,43,70,22,1854,174,2015,10,31
66,47,70,24,1854,174,2015,11,1
71,50,70,24,1876,174,2015,11,2
71,50,70,24,1881,174,2015,11,3
65,46,70,22,1881,174,2015,11,4
71,50,70,24,1861,174,2015,11,5
72,51,70,24,1868,174,2015,11,6
72,52,72,24,1868,174,2015,11,7
68,50,72,23,1879,174,2015,11,8
72,52,72,24,1876,174,2015,11,9
67,49,72,22,1876,174,2015,11,10
74,54,72,24,1875,174,2015,11,11
74,54,72,24,1871,174,2015,11,12
68,49,72,22,1871,173,2015,11,13
74,52,70,24,1872,173,2015,11,14
74,52,70,24,1872,173,2015,11,15
74,52,70,24,1869,173,2015,11,16
74,52,70,24,1869,173,2015,11,17
63,45,70,21,1875,173,2015,11,18
61,44,72,21,1875,173,2015,11,19
61,44,72,21,1889,173,2015,11,20
61,44,72,21,1889,173,2015,11,21
71,52,73,24,1885,173,2015,11,22
72,53,73,24,1883,173,2015,11,23
72,53,73,24,1879,173,2015,11,24
72,53,73,24,1881,173,2015,11,25
72,53,73,24,1880,173,2015,11,26
72,53,73,24,1882,173,2015,11,27
72,55,76,24,1882,173,2015,11,28
72,55,76,23,1883,173,2015,11,29
72,55,76,23,1874,173,2015,11,30
72,55,76,24,1874,173,2015,12,1
72,55,76,24,1875,173,2015,12,2
72,55,76,22,1856,173,2015,12,3
72,54,75,24,1878,173,2015,12,4
72,54,75,24,1875,173,2015,12,5
72,54,75,24,1874,173,2015,12,6
72,54,75,24,1876,173,2015,12,7
72,54,75,24,1876,172,2015,12,8
72,54,75,24,1874,172,2015,12,9
72,54,75,24,1874,172,2015,12,10
72,55,76,24,1870,172,2015,12,11
72,55,76,24,1870,172,2015,12,12
72,55,76,24,1877,172,2015,12,13
68,52,76,22,1869,172,2015,12,14
74,57,76,24,1875,172,2015,12,15
70,54,76,24,1882,172,2015,12,16
70,54,76,24,1890,172,2015,12,17
68,52,76,24,1883,172,2015,12,18
68,52,76,24,1894,172,2015,12,19
62,47,76,22,1885,172,2015,12,20
68,52,76,24,1874,172,2015,12,21
68,52,76,24,1874,172,2015,12,22
71,54,76,24,1882,172,2015,12,23
71,53,75,24,1882,172,2015,12,24
71,53,75,24,1878,172,2015,12,25
65,49,75,22,1897,172,2015,12,26
71,53,75,24,1897,172,2015,12,27
71,53,75,24,1868,172,2015,12,28
68,51,75,23,1868,172,2015,12,29
61,48,77,21,1987,172,2015,12,30
71,55,77,24,1873,172,2015,12,31
71,55,77,24,1876,172,2016,1,1
57,44,77,20,1860,172,2016,1,2
70,54,77,24,1858,171,2016,1,3
70,54,77,24,1871,171,2016,1,4
71,55,77,24,1873,171,2016,1,5
57,44,77,19,1856,171,2016,1,6
72,55,77,24,1869,171,2016,1,7
62,47,76,21,1884,171,2016,1,8
63,48,76,23,1919,171,2016,1,9
58,44,76,21,1876,171,2016,1,10
66,51,76,24,1876,171,2016,1,11
66,52,78,24,1878,171,2016,1,12
70,55,78,24,1877,171,2016,1,13
70,55,78,24,1874,171,2016,1,14
67,53,78,23,1874,171,2016,1,15
73,57,78,24,1872,171,2016,1,16
70,54,77,23,1873,171,2016,1,17
73,57,77,24,1873,171,2016,1,18
73,57,77,24,1875,171,2016,1,19
67,52,77,22,1868,171,2016,1,20
60,47,77,20,1850,171,2016,1,21
73,57,77,24,1860,171,2016,1,22
73,57,77,24,1862,171,2016,1,23
73,57,77,24,1862,171,2016,1,24
73,57,77,24,1862,171,2016,1,25
73,57,77,24,1862,171,2016,1,26
73,57,77,24,1862,171,2016,1,27
73,57,77,24,1862,171,2016,1,28
73,57,77,24,1862,170,2016,1,29
73,57,77,24,1862,170,2016,1,30
73,57,77,24,1862,170,2016,1,31
73,57,77,24,1862,170,2016,2,1
73,57,77,24,1862,170,2016,2,2
73,57,77,24,1862,170,2016,2,3
73,57,77,24,1862,170,2016,2,4
73,57,77,24,1862,170,2016,2,5
73,57,77,24,1862,170,2016,2,6
73,57,77,24,1862,170,2016,2,7
73,57,77,24,1862,170,2016,2,8
73,57,77,24,1862,170,2016,2,9
73,57,77,24,1862,170,2016,2,10
73,57,77,24,1862,170,2016,2,11
73,57,77,24,1862,170,2016,2,12
73,57,77,24,1862,170,2016,2,13
93,90,97,24,1705,170,2016,2,14
93,90,97,24,1731,170,2016,2,15
89,73,82,24,1775,170,2016,2,16
89,70,79,24,1811,170,2016,2,17
80,63,78,24,1843,170,2016,2,18
79,62,78,24,1843,170,2016,2,19
73,57,78,23,1793,170,2016,2,20
76,59,78,24,1803,170,2016,2,21
76,59,78,24,1800,170,2016,2,22
73,57,78,24,1801,170,2016,2,23
77,60,78,24,1806,169,2016,2,24
77,60,78,24,1807,169,2016,2,25
72,56,78,24,1814,169,2016,2,26
72,56,78,24,1816,169,2016,2,27
72,57,79,24,1823,169,2016,2,28
72,57,79,24,1821,169,2016,2,29
72,57,79,24,1825,169,2016,3,1
72,57,79,24,1830,169,2016,3,2
72,57,79,24,1831,169,2016,3,3
73,58,80,24,1831,169,2016,3,4
73,58,80,24,1856,169,2016,3,5
71,57,80,24,1866,169,2016,3,6
71,57,80,24,1875,169,2016,3,7
73,58,80,24,1883,169,2016,3,8
73,58,80,24,1889,169,2016,3,9
68,53,78,24,1886,169,2016,3,10
68,53,78,24,1885,169,2016,3,11
68,53,78,24,1883,169,2016,3,12
68,53,78,24,1862,169,2016,3,13
68,53,78,24,1842,169,2016,3,14
68,53,78,24,1839,169,2016,3,15
71,55,78,24,1836,169,2016,3,16
71,55,78,24,1841,169,2016,3,17
71,55,77,24,1845,169,2016,3,18
71,55,77,24,1847,169,2016,3,19
71,55,77,24,1839,169,2016,3,20
71,55,77,24,1839,168,2016,3,21
71,55,77,24,1840,168,2016,3,22
67,52,77,23,1837,168,2016,3,23
71,55,77,24,1839,168,2016,3,24
66,51,77,24,1840,168,2016,3,25
66,53,80,24,1849,168,2016,3,26
66,53,80,24,1847,168,2016,3,27
66,53,80,24,1849,168,2016,3,28
66,53,80,24,1847,168,2016,3,29
66,53,80,24,1850,168,2016,3,30
68,53,78,24,1852,168,2016,3,31
68,53,78,24,1851,168,2016,4,1
62,49,78,22,1831,168,2016,4,2
58,46,78,21,1831,168,2016,4,3
68,53,78,24,1842,168,2016,4,4
68,53,78,24,1848,168,2016,4,5
68,53,78,24,1850,168,2016,4,6
59,47,78,21,1832,168,2016,4,7
65,51,78,23,1831,168,2016,4,8
65,49,75,23,1838,168,2016,4,9
61,46,75,21,1838,168,2016,4,10
61,46,75,21,1838,168,2016,4,11
63,48,75,22,1848,168,2016,4,12
56,43,75,20,1848,168,2016,4,13
71,54,75,20,1861,168,2016,4,14
71,54,75,20,1856,167,2016,4,15
67,50,74,18,1860,167,2016,4,16
57,42,74,20,1860,167,2016,4,17
57,42,74,20,1850,167,2016,4,18
57,42,74,20,1850,167,2016,4,19
57,43,74,20,1850,167,2016,4,20
57,42,74,20,1850,167,2016,4,21
57,43,74,20,1850,167,2016,4,22
57,43,74,20,1878,167,2016,4,23
57,43,74,20,1859,167,2016,4,24
55,41,74,20,1827,167,2016,4,25
58,44,76,20,1829,167,2016,4,26
58,44,76,20,1870,167,2016,4,27
56,44,78,19,1834,167,2016,4,28
51,40,78,17,1825,167,2016,4,29
58,45,78,20,1820,167,2016,4,30
57,45,78,20,1829,167,2016,5,1
58,46,78,20,1826,167,2016,5,2
58,45,78,20,1850,167,2016,5,3
58,45,78,20,1872,167,2016,5,4
58,45,78,20,1828,167,2016,5,5
58,45,78,20,1829,167,2016,5,6
58,45,78,20,1828,167,2016,5,7
46,36,78,16,1829,167,2016,5,8
64,50,78,20,1832,167,2016,5,9
64,50,78,20,1824,167,2016,5,10
63,50,78,20,1904,166,2016,5,11
63,50,78,20,1834,166,2016,5,12
63,50,78,20,1818,166,2016,5,13
63,50,78,20,1819,166,2016,5,14
64,50,78,20,1821,166,2016,5,15
64,50,78,20,1817,166,2016,5,16
64,50,78,20,1822,166,2016,5,17
64,50,78,20,1822,166,2016,5,18
64,50,78,20,1822,166,2016,5,19
64,50,78,20,1822,166,2016,5,20
64,50,78,20,1829,166,2016,5,21
63,49,78,20,1828,166,2016,5,22
64,49,76,20,1845,166,2016,5,23
61,47,76,20,1810,166,2016,5,24
55,42,76,18,1812,166,2016,5,25
52,40,76,17,1812,166,2016,5,26
61,47,76,20,1833,166,2016,5,27
61,47,76,20,1838,166,2016,5,28
50,40,79,16,1839,166,2016,5,29
27,22,79,9,1822,166,2016,5,30
27,22,79,9,1822,166,2016,5,31
27,22,79,9,1822,166,2016,6,1
27,22,79,9,1822,166,2016,6,2
27,22,79,9,1822,166,2016,6,3
27,22,79,9,1822,166,2016,6,4
27,22,79,9,1822,166,2016,6,5
62,61,98,24,1647,165,2016,6,6
62,60,97,24,1656,165,2016,6,7
70,68,97,24,1685,165,2016,6,8
68,66,97,24,1708,165,2016,6,9
69,66,95,24,1749,165,2016,6,10
65,62,95,24,1743,165,2016,6,11
65,57,87,24,1769,165,2016,6,12
66,57,87,24,1768,165,2016,6,13
62,50,81,24,1779,165,2016,6,14
62,50,81,24,1779,165,2016,6,15
62,50,81,24,1798,165,2016,6,16
62,50,81,24,1808,165,2016,6,17
58,48,82,24,1815,165,2016,6,18
58,48,82,24,1830,165,2016,6,19
58,48,82,24,1840,165,2016,6,20
58,48,82,24,1848,165,2016,6,21
58,48,82,24,1846,165,2016,6,22
58,48,82,24,1845,165,2016,6,23
58,48,82,24,1846,165,2016,6,24
58,47,80,24,1851,165,2016,6,25
57,46,80,24,1853,165,2016,6,26
57,46,80,24,1854,165,2016,6,27
57,46,79,24,1860,165,2016,6,28
60,48,79,24,1866,165,2016,6,29
60,48,79,24,1869,165,2016,6,30
60,48,79,24,1865,165,2016,7,1
60,48,79,24,1884,164,2016,7,2
60,48,79,24,1880,164,2016,7,3
60,47,78,24,1876,164,2016,7,4
59,46,78,24,1880,164,2016,7,5
59,46,78,24,1882,164,2016,7,6
59,46,78,24,1891,164,2016,7,7
59,46,77,24,1894,164,2016,7,8
59,46,77,24,1893,164,2016,7,9
60,46,77,24,1898,164,2016,7,10
60,46,76,24,1894,164,2016,7,11
60,46,76,24,1895,164,2016,7,12
60,46,76,24,1893,164,2016,7,13
58,44,76,23,1896,164,2016,7,14
60,46,76,24,1894,164,2016,7,15
57,43,76,24,1887,164,2016,7,16
57,43,76,24,1880,164,2016,7,17
54,42,76,23,1902,164,2016,7,18
57,43,76,24,1893,164,2016,7,19
57,43,76,24,1901,164,2016,7,20
57,43,76,24,1903,164,2016,7,21
57,43,76,24,1902,164,2016,7,22
57,43,76,24,1901,164,2016,7,23
57,43,76,24,1903,164,2016,7,24
54,42,76,23,1903,164,2016,7,25
57,44,76,24,1902,164,2016,7,26
57,44,76,24,1902,163,2016,7,27
57,43,76,24,1906,163,2016,7,28
57,43,76,24,1901,163,2016,7,29
57,43,76,24,1902,163,2016,7,30
58,44,76,24,1903,163,2016,7,31
58,44,76,24,1903,163,2016,8,1
58,44,76,24,1906,163,2016,8,2
58,44,76,24,1906,163,2016,8,3
59,45,75,24,1901,163,2016,8,4
59,45,75,24,1903,163,2016,8,5
59,45,75,24,1906,163,2016,8,6
59,45,76,24,1902,163,2016,8,7
59,44,74,24,1905,163,2016,8,8
57,43,74,24,1902,163,2016,8,9
57,43,74,24,1906,163,2016,8,10
57,43,74,24,1906,163,2016,8,11
58,43,74,24,1909,163,2016,8,12
58,43,74,24,1908,163,2016,8,13
58,43,74,24,1907,163,2016,8,14
58,43,74,24,1909,163,2016,8,15
59,45,76,24,1909,163,2016,8,16
59,45,76,24,1906,163,2016,8,17
59,45,76,24,1908,163,2016,8,18
59,45,76,24,1908,163,2016,8,19
59,45,76,24,1908,163,2016,8,20
59,45,76,24,1908,163,2016,8,21
59,46,78,24,1904,162,2016,8,22
59,45,75,24,1907,162,2016,8,23
59,45,75,24,1913,162,2016,8,24
59,45,75,24,1916,162,2016,8,25
60,45,75,24,1916,162,2016,8,26
60,45,75,24,1912,162,2016,8,27
60,45,75,24,1918,162,2016,8,28
60,45,75,24,1923,162,2016,8,29
60,46,77,24,1931,162,2016,8,30
59,46,77,24,1938,162,2016,8,31
59,46,77,24,1933,162,2016,9,1
59,46,77,24,1937,162,2016,9,2
59,46,77,24,1944,162,2016,9,3
59,45,76,24,1944,162,2016,9,4
57,44,76,24,1953,162,2016,9,5
57,44,76,24,1956,162,2016,9,6
57,44,76,24,1960,162,2016,9,7
57,44,76,24,1967,162,2016,9,8
57,45,78,24,1965,162,2016,9,9
57,45,78,24,1968,162,2016,9,10
57,45,78,24,1968,162,2016,9,11
57,45,78,24,1968,162,2016,9,12
57,45,78,24,1968,162,2016,9,13
57,45,78,24,1963,162,2016,9,14
57,45,78,24,1966,162,2016,9,15
57,45,78,24,1966,162,2016,9,16
57,45,78,24,1966,161,2016,9,17
57,44,77,24,1966,161,2016,9,18
57,44,77,24,1966,161,2016,9,19
57,44,77,24,1966,161,2016,9,20
57,44,76,24,1967,161,2016,9,21
60,46,76,24,1967,161,2016,9,22
60,46,76,24,1887,161,2016,9,23
59,45,76,24,1907,161,2016,9,24
59,45,76,24,1902,161,2016,9,25
25,19,76,10,1911,161,2016,9,26
59,45,76,24,1823,161,2016,9,27
59,45,76,24,1849,161,2016,9,28
59,45,76,24,1861,161,2016,9,29
59,45,76,24,1891,161,2016,9,30
59,45,76,24,1906,161,2016,10,1
57,45,78,24,1907,161,2016,10,2
57,45,78,24,1907,161,2016,10,3
57,45,78,24,1916,161,2016,10,4
57,45,78,24,1907,161,2016,10,5
57,45,78,24,1907,161,2016,10,6
57,46,80,24,1906,161,2016,10,7
57,46,80,24,1906,161,2016,10,8
57,47,82,24,1906,161,2016,10,9
57,47,82,24,1901,161,2016,10,10
58,48,82,24,1906,161,2016,10,11
58,48,82,24,1909,161,2016,10,12
58,48,82,24,1909,160,2016,10,13
58,48,82,24,1907,160,2016,10,14
58,47,81,24,1900,160,2016,10,15
57,46,81,24,1907,160,2016,10,16
57,46,81,24,1901,160,2016,10,17
57,46,81,24,1901,160,2016,10,18
57,46,81,24,1906,160,2016,10,19
57,46,81,24,1909,160,2016,10,20
57,46,81,24,1907,160,2016,10,21
57,46,81,24,1907,160,2016,10,22
60,48,79,24,1907,160,2016,10,23
60,48,79,24,1917,160,2016,10,24
60,48,79,24,1914,160,2016,10,25
57,45,79,24,1913,160,2016,10,26
57,44,77,24,1916,160,2016,10,27
57,44,77,24,1915,160,2016,10,28
57,44,77,24,1879,160,2016,10,29
53,41,77,22,1909,160,2016,10,30
57,44,76,24,1909,160,2016,10,31
57,44,76,24,1892,160,2016,11,1
57,44,76,24,1905,160,2016,11,2
57,44,76,24,1905,160,2016,11,3
53,40,76,22,1898,160,2016,11,4
57,43,75,24,1898,160,2016,11,5
52,39,75,22,1893,160,2016,11,6
57,43,75,24,1893,160,2016,11,7
57,43,75,24,1908,159,2016,11,8
57,43,75,24,1909,159,2016,11,9
57,43,75,24,1909,159,2016,11,10
57,43,75,24,1903,159,2016,11,11
57,43,75,24,1908,159,2016,11,12
55,41,74,23,1906,159,2016,11,13
57,42,74,24,1891,159,2016,11,14
57,42,74,24,1902,159,2016,11,15
57,42,74,24,1907,159,2016,11,16
57,42,74,24,1909,159,2016,11,17
57,42,74,24,1911,159,2016,11,18
57,42,74,24,1911,159,2016,11,19
50,37,74,21,1908,159,2016,11,20
57,42,74,24,1901,159,2016,11,21
57,42,74,24,1900,159,2016,11,22
50,38,74,21,1900,159,2016,11,23
57,42,74,24,1898,159,2016,11,24
50,39,76,21,1862,159,2016,11,25
57,44,76,24,1898,159,2016,11,26
57,44,76,24,1896,159,2016,11,27
57,44,76,24,1816,159,2016,11,28
57,44,76,24,1860,159,2016,11,29
57,44,76,24,1871,159,2016,11,30
57,44,76,24,1878,159,2016,12,1
57,44,77,24,1881,159,2016,12,2
57,44,77,24,1888,158,2016,12,3
57,44,76,24,1886,158,2016,12,4
57,44,76,24,1890,158,2016,12,5
57,44,76,24,1888,158,2016,12,6
57,44,76,24,1899,158,2016,12,7
57,44,76,24,1888,158,2016,12,8
57,44,76,24,1888,158,2016,12,9
51,38,75,21,1890,158,2016,12,10
57,43,75,24,1678,158,2016,12,11
57,43,75,24,1678,158,2016,12,12
57,43,75,24,1678,158,2016,12,13
57,43,75,24,1678,158,2016,12,14
51,37,73,21,1678,158,2016,12,15
51,37,73,21,1678,158,2016,12,16
52,38,73,22,1678,158,2016,12,17
57,42,73,24,1678,158,2016,12,18
57,42,73,24,1749,158,2016,12,19
57,42,73,24,1749,158,2016,12,20
57,42,73,24,1802,158,2016,12,21
57,42,73,24,1816,158,2016,12,22
57,42,73,24,1838,158,2016,12,23
57,41,71,24,1838,158,2016,12,24
57,41,71,24,1842,158,2016,12,25
57,41,71,24,1847,158,2016,12,26
57,41,71,24,1879,158,2016,12,27
57,41,71,24,1886,158,2016,12,28
51,37,71,22,1886,157,2016,12,29
57,41,71,24,1886,157,2016,12,30
55,40,71,23,1886,157,2016,12,31
57,41,71,24,1884,157,2017,1,1
57,41,71,24,1893,157,2017,1,2
57,41,71,24,1893,157,2017,1,3
57,41,71,24,1872,157,2017,1,4
57,41,71,24,1901,157,2017,1,5
57,41,71,24,1901,157,2017,1,6
57,41,71,24,1901,157,2017,1,7
57,40,70,24,1901,157,2017,1,8
57,40,70,24,1901,157,2017,1,9
57,40,70,24,1901,157,2017,1,10
53,37,70,22,1901,157,2017,1,11
57,40,70,24,1901,157,2017,1,12
50,35,70,24,1862,157,2017,1,13
43,31,70,21,1909,157,2017,1,14
50,35,70,24,1878,157,2017,1,15
45,32,70,22,1895,157,2017,1,16
45,32,70,22,1902,157,2017,1,17
50,35,69,24,1876,157,2017,1,18
50,35,69,24,1876,157,2017,1,19
50,35,69,24,1875,157,2017,1,20
50,34,68,24,1877,157,2017,1,21
50,34,68,24,1875,157,2017,1,22
50,34,68,24,1875,157,2017,1,23
50,34,68,24,1873,156,2017,1,24
50,34,68,24,1875,156,2017,1,25
50,34,68,24,1875,156,2017,1,26
50,34,67,24,1832,156,2017,1,27
50,34,67,24,1843,156,2017,1,28
50,34,67,24,1847,156,2017,1,29
50,34,67,24,1847,156,2017,1,30
50,34,67,24,1847,156,2017,1,31
50,34,67,24,1847,156,2017,2,1
50,34,67,24,1847,156,2017,2,2
50,34,67,24,1848,156,2017,2,3
50,34,68,24,1846,156,2017,2,4
50,34,68,24,1848,156,2017,2,5
50,34,68,24,1853,156,2017,2,6
50,34,68,24,1844,156,2017,2,7
50,34,68,24,1847,156,2017,2,8
50,34,68,24,1845,156,2017,2,9
43,29,67,21,1845,156,2017,2,10
50,34,67,24,1772,156,2017,2,11
50,34,67,24,1817,156,2017,2,12
50,34,67,24,1827,156,2017,2,13
50,34,67,24,1840,156,2017,2,14
50,34,67,24,1840,156,2017,2,15
50,34,67,24,1840,156,2017,2,16
50,34,67,24,1840,156,2017,2,17
50,34,68,24,1860,156,2017,2,18
50,34,68,24,1865,155,2017,2,19
47,32,68,23,1869,155,2017,2,20
50,34,68,24,1860,155,2017,2,21
50,34,68,24,1860,155,2017,2,22
50,34,68,24,1877,155,2017,2,23
52,35,67,24,1871,155,2017,2,24
52,35,67,24,1870,155,2017,2,25
52,35,67,24,1870,155,2017,2,26
52,35,67,24,1877,155,2017,2,27
52,35,67,24,1880,155,2017,2,28
41,28,67,19,1880,155,2017,3,1
52,35,67,24,1880,155,2017,3,2
52,36,69,24,1875,155,2017,3,3
52,36,69,24,1875,155,2017,3,4
46,32,69,21,1892,155,2017,3,5
52,36,69,24,1979,155,2017,3,6
52,36,69,24,1979,155,2017,3,7
52,36,69,24,1921,155,2017,3,8
52,36,69,24,1931,155,2017,3,9
52,36,69,24,1931,155,2017,3,10
52,36,69,24,1928,155,2017,3,11
42,29,69,19,1928,155,2017,3,12
44,31,70,20,1928,155,2017,3,13
52,37,70,24,1957,155,2017,3,14
52,37,70,24,1958,155,2017,3,15
52,37,70,24,1955,154,2017,3,16
52,36,69,24,1955,154,2017,3,17
52,36,69,24,1957,154,2017,3,18
52,36,68,24,1957,154,2017,3,19
52,36,68,24,1955,154,2017,3,20
44,31,68,21,1955,154,2017,3,21
52,35,67,24,1965,154,2017,3,22
51,34,66,24,1809,154,2017,3,23
51,34,66,24,1851,154,2017,3,24
51,34,66,24,1851,154,2017,3,25
49,33,66,24,1855,154,2017,3,26
49,33,66,24,1855,154,2017,3,27
49,32,65,24,1855,154,2017,3,28
49,32,65,24,1855,154,2017,3,29
49,32,65,24,1855,154,2017,3,30
49,32,65,24,1862,154,2017,3,31
47,31,65,23,1862,154,2017,4,1
49,32,65,24,1862,154,2017,4,2
51,33,65,24,1842,154,2017,4,3
51,33,65,24,1846,154,2017,4,4
47,31,65,22,1846,154,2017,4,5
51,34,66,24,1841,154,2017,4,6
51,34,66,24,1846,154,2017,4,7
51,34,66,24,1848,154,2017,4,8
51,34,66,24,1848,154,2017,4,9
51,34,66,24,1847,154,2017,4,10
51,34,66,24,1846,153,2017,4,11
51,34,66,24,1846,153,2017,4,12
51,33,65,24,1852,153,2017,4,13
51,33,65,24,1858,153,2017,4,14
51,33,65,24,1858,153,2017,4,15
51,33,65,24,1858,153,2017,4,16
51,33,65,24,1858,153,2017,4,17
51,34,65,24,1858,153,2017,4,18
51,34,65,24,1858,153,2017,4,19
51,34,65,24,1858,153,2017,4,20
51,33,63,24,1858,153,2017,4,21
51,33,63,24,1858,153,2017,4,22
51,33,63,24,1858,153,2017,4,23
51,33,63,24,1858,153,2017,4,24
51,33,63,24,1858,153,2017,4,25
51,33,63,24,1858,153,2017,4,26
51,33,63,24,1858,153,2017,4,27
51,33,63,24,1858,153,2017,4,28
51,34,65,24,1858,153,2017,4,29
51,34,65,24,1858,153,2017,4,30
51,34,65,24,1858,153,2017,5,1
51,34,65,24,1858,153,2017,5,2
51,34,65,24,1858,153,2017,5,3
51,36,69,24,1858,153,2017,5,4
51,36,69,24,1858,153,2017,5,5
51,36,69,24,1858,153,2017,5,6
51,36,69,24,1858,152,2017,5,7
51,36,69,24,1820,152,2017,5,8
51,36,69,24,1820,152,2017,5,9
51,36,69,24,1820,152,2017,5,10
51,36,69,24,1820,152,2017,5,11
51,36,69,24,1820,152,2017,5,12
51,36,70,24,1820,152,2017,5,13
51,36,70,24,1820,152,2017,5,14
51,36,70,24,1820,152,2017,5,15
51,36,70,24,1851,152,2017,5,16
51,36,70,24,1847,152,2017,5,17
51,37,71,24,1849,152,2017,5,18
51,37,71,24,1838,152,2017,5,19
51,37,71,24,1838,152,2017,5,20
51,35,68,24,1838,152,2017,5,21
51,35,68,24,1841,152,2017,5,22
51,35,68,24,1847,152,2017,5,23
51,35,68,24,1849,152,2017,5,24
52,36,68,24,1849,152,2017,5,25
52,36,68,24,1849,152,2017,5,26
52,36,68,24,1849,152,2017,5,27
52,36,69,24,1849,152,2017,5,28
52,36,69,24,1841,152,2017,5,29
52,36,69,24,1841,152,2017,5,30
52,36,69,24,1841,152,2017,5,31
52,36,69,24,1841,152,2017,6,1
45,32,69,21,1841,151,2017,6,2
51,35,69,24,1845,151,2017,6,3
52,36,69,24,1841,151,2017,6,4
52,36,69,24,1841,151,2017,6,5
52,36,69,24,1841,151,2017,6,6
52,36,69,24,1841,151,2017,6,7
52,36,69,24,1851,151,2017,6,8
52,36,69,24,1851,151,2017,6,9
52,36,69,24,1851,151,2017,6,10
52,36,69,24,1860,151,2017,6,11
52,36,69,24,1855,151,2017,6,12
52,38,72,24,1855,151,2017,6,13
52,38,72,24,1855,151,2017,6,14
52,38,72,24,1855,151,2017,6,15
50,36,72,24,1855,151,2017,6,16
50,36,72,24,1857,151,2017,6,17
50,36,72,24,1850,151,2017,6,18
50,36,73,24,1808,151,2017,6,19
50,36,73,24,1808,151,2017,6,20
50,36,73,24,1815,151,2017,6,21
50,34,69,24,1815,151,2017,6,22
50,35,69,24,1827,151,2017,6,23
50,35,69,24,1827,151,2017,6,24
50,35,69,24,1832,151,2017,6,25
51,36,69,24,1832,151,2017,6,26
51,36,69,24,1832,151,2017,6,27
51,36,69,24,1826,150,2017,6,28
51,37,72,24,1826,150,2017,6,29
51,37,72,24,1826,150,2017,6,30
51,37,72,24,1826,150,2017,7,1
50,37,72,24,1846,150,2017,7,2
50,37,73,24,1846,150,2017,7,3
50,37,73,24,1846,150,2017,7,4
50,37,73,24,1846,150,2017,7,5
50,37,73,24,1849,150,2017,7,6
50,36,72,24,1849,150,2017,7,7
50,36,72,24,1849,150,2017,7,8
50,36,72,24,1858,150,2017,7,9
50,36,72,24,1844,150,2017,7,10
50,38,76,24,1848,150,2017,7,11
46,36,76,24,1848,150,2017,7,12
46,36,76,24,1847,150,2017,7,13
46,33,71,24,1858,150,2017,7,14
46,33,71,24,1858,150,2017,7,15
45,32,71,23,1858,150,2017,7,16
46,33,71,24,1858,150,2017,7,17
54,40,74,24,1858,150,2017,7,18
54,40,74,24,1858,150,2017,7,19
53,39,74,23,1858,150,2017,7,20
54,40,74,24,1858,150,2017,7,21
54,41,75,24,1858,150,2017,7,22
52,39,75,23,1858,149,2017,7,23
54,41,75,24,1858,149,2017,7,24
54,41,75,24,1858,149,2017,7,25
54,41,75,24,1863,149,2017,7,26
55,41,75,24,1863,149,2017,7,27
55,41,75,24,1863,149,2017,7,28
55,41,75,24,1863,149,2017,7,29
55,41,75,24,1863,149,2017,7,30
55,41,75,24,1863,149,2017,7,31
55,41,75,24,1863,149,2017,8,1
55,41,74,24,1863,149,2017,8,2
47,35,74,24,1863,149,2017,8,3
47,35,74,24,1863,149,2017,8,4
51,37,72,24,1863,149,2017,8,5
51,38,74,24,1863,149,2017,8,6
51,38,74,24,1863,149,2017,8,7
43,32,74,20,1863,149,2017,8,8
51,38,74,24,1863,149,2017,8,9
52,38,74,24,1863,149,2017,8,10
52,37,71,24,1863,149,2017,8,11
52,37,71,24,1863,149,2017,8,12
49,35,71,23,1863,149,2017,8,13
52,37,71,24,1863,149,2017,8,14
52,37,71,24,1863,149,2017,8,15
49,35,71,24,1846,149,2017,8,16
49,35,71,24,1810,149,2017,8,17
56,39,69,24,1829,148,2017,8,18
56,39,69,24,1829,148,2017,8,19
56,39,69,24,1843,148,2017,8,20
53,37,69,24,1842,148,2017,8,21
53,37,69,24,1847,148,2017,8,22
53,37,68,24,1847,148,2017,8,23
46,32,68,24,1843,148,2017,8,24
45,31,68,23,1847,148,2017,8,25
45,31,68,23,1847,148,2017,8,26
68,47,69,24,1857,148,2017,8,27
68,47,69,24,1857,148,2017,8,28
51,36,69,24,1844,148,2017,8,29
53,37,69,24,1844,148,2017,8,30
53,37,69,24,1856,148,2017,8,31
54,37,69,24,1856,148,2017,9,1
54,37,68,24,1853,148,2017,9,2
54,37,68,24,1853,148,2017,9,3
54,37,68,24,1869,148,2017,9,4
58,40,68,24,1872,148,2017,9,5
58,39,67,24,1872,148,2017,9,6
55,37,67,24,1832,148,2017,9,7
55,37,67,24,1848,148,2017,9,8
55,37,67,24,1846,148,2017,9,9
55,37,67,24,1847,148,2017,9,10
56,37,65,24,1845,148,2017,9,11
56,37,65,24,1845,148,2017,9,12
56,37,65,24,1845,147,2017,9,13
56,37,65,24,1846,147,2017,9,14
56,37,65,24,1843,147,2017,9,15
56,37,65,24,1843,147,2017,9,16
56,37,65,24,1843,147,2017,9,17
52,38,72,24,1843,147,2017,9,18
52,38,72,24,1843,147,2017,9,19
52,38,72,24,1843,147,2017,9,20
52,38,72,24,1843,147,2017,9,21
52,38,72,24,1843,147,2017,9,22
52,38,73,24,1843,147,2017,9,23
52,38,73,24,1843,147,2017,9,24
52,38,73,24,1843,147,2017,9,25
52,38,73,24,1843,147,2017,9,26
52,41,78,24,1843,147,2017,9,27
52,41,79,24,1843,147,2017,9,28
55,44,79,24,1843,147,2017,9,29
55,44,79,24,1843,147,2017,9,30
55,44,79,24,1843,147,2017,10,1
55,44,79,24,1843,147,2017,10,2
55,44,79,24,1843,147,2017,10,3
55,44,79,24,1843,147,2017,10,4
54,43,79,24,1843,147,2017,10,5
54,42,78,24,1843,147,2017,10,6
52,41,78,24,1843,147,2017,10,7
54,42,77,24,1850,147,2017,10,8
54,42,77,24,1850,146,2017,10,9
54,42,77,24,1850,146,2017,10,10
54,42,77,24,1850,146,2017,10,11
54,43,79,24,1850,146,2017,10,12
54,43,79,24,1850,146,2017,10,13
54,43,79,24,1850,146,2017,10,14
54,43,79,24,1850,146,2017,10,15
54,43,79,24,1846,146,2017,10,16
50,40,79,24,1846,146,2017,10,17
50,39,78,24,1858,146,2017,10,18
58,45,78,24,1876,146,2017,10,19
58,45,78,24,1862,146,2017,10,20
58,45,78,24,1863,146,2017,10,21
55,43,78,24,1863,146,2017,10,22
54,42,78,24,1864,146,2017,10,23
55,43,78,24,1863,146,2017,10,24
55,43,78,24,1858,146,2017,10,25
66,52,78,24,1855,146,2017,10,26
57,44,78,24,1851,146,2017,10,27
52,41,78,24,1850,146,2017,10,28
52,41,78,24,1857,146,2017,10,29
52,41,78,24,1851,146,2017,10,30
52,41,78,24,1850,146,2017,10,31
55,43,78,24,1848,146,2017,11,1
55,43,78,24,1846,146,2017,11,2
55,43,78,24,1848,145,2017,11,3
69,52,76,24,1819,145,2017,11,4
69,52,76,24,1831,145,2017,11,5
55,42,76,24,1829,145,2017,11,6
52,40,76,24,1832,145,2017,11,7
52,40,76,24,1833,145,2017,11,8
55,42,76,24,1832,145,2017,11,9
55,42,76,24,1832,145,2017,11,10
58,44,76,24,1831,145,2017,11,11
53,40,76,24,1831,145,2017,11,12
53,40,76,24,1698,145,2017,11,13
53,40,76,24,1816,145,2017,11,14
53,40,76,24,1830,145,2017,11,15
53,40,76,24,1830,145,2017,11,16
53,40,76,24,1825,145,2017,11,17
56,43,76,24,1825,145,2017,11,18
56,43,76,24,1830,145,2017,11,19
56,43,76,24,1830,145,2017,11,20
56,43,76,24,1831,145,2017,11,21
52,40,75,24,1831,145,2017,11,22
52,40,75,24,1831,145,2017,11,23
52,40,75,24,1829,145,2017,11,24
52,40,75,24,1842,145,2017,11,25
52,39,74,24,1842,145,2017,11,26
52,39,74,24,1842,145,2017,11,27
52,39,74,24,1756,145,2017,11,28
55,41,74,24,1767,144,2017,11,29
55,41,74,24,1757,144,2017,11,30
55,41,74,24,1757,144,2017,12,1
55,41,74,24,1757,144,2017,12,2
55,41,74,24,1757,144,2017,12,3
55,41,74,24,1757,144,2017,12,4
58,42,72,24,1757,144,2017,12,5
58,42,72,24,1757,144,2017,12,6
58,42,72,24,1757,144,2017,12,7
58,42,72,24,1757,144,2017,12,8
58,42,72,24,1757,144,2017,12,9
58,42,72,24,1757,144,2017,12,10
58,42,72,24,1757,144,2017,12,11
58,44,74,24,1757,144,2017,12,12
58,44,74,24,1757,144,2017,12,13
58,44,74,24,1757,144,2017,12,14
58,44,74,24,1757,144,2017,12,15
57,43,74,24,1757,144,2017,12,16
57,43,75,24,1938,144,2017,12,17
57,43,75,24,1940,144,2017,12,18
55,41,75,24,1938,144,2017,12,19
55,41,75,24,1915,144,2017,12,20
58,44,75,24,1918,144,2017,12,21
58,44,75,24,1915,144,2017,12,22
57,43,75,24,1920,144,2017,12,23
57,43,75,24,1917,144,2017,12,24
57,43,75,24,1917,143,2017,12,25
57,43,75,24,1919,143,2017,12,26
56,43,75,24,1918,143,2017,12,27
56,43,75,24,1919,143,2017,12,28
60,46,76,24,1921,143,2017,12,29
43,33,76,18,1930,143,2017,12,30
59,45,76,24,1917,143,2017,12,31
59,45,76,24,1914,143,2018,1,1
59,45,76,24,1914,143,2018,1,2
59,45,76,24,1910,143,2018,1,3
56,42,75,24,1916,143,2018,1,4
56,42,75,24,1909,143,2018,1,5
52,40,76,24,1921,143,2018,1,6
52,40,76,24,1919,143,2018,1,7
53,41,76,24,1919,143,2018,1,8
53,41,76,24,1922,143,2018,1,9
57,43,76,24,1919,143,2018,1,10
57,43,76,24,1920,143,2018,1,11
57,45,78,24,1921,143,2018,1,12
53,42,78,24,1921,143,2018,1,13
53,42,78,24,1872,143,2018,1,14
57,46,80,24,1919,143,2018,1,15
57,46,80,24,1918,143,2018,1,16
57,46,80,24,1919,143,2018,1,17
57,46,80,24,1918,143,2018,1,18
57,46,80,24,1917,143,2018,1,19
60,48,80,24,1918,142,2018,1,20
60,48,80,24,1920,142,2018,1,21
60,48,80,24,1922,142,2018,1,22
60,48,80,24,1922,142,2018,1,23
56,45,80,24,1922,142,2018,1,24
56,45,80,24,1922,142,2018,1,25
56,45,80,24,1922,142,2018,1,26
56,45,80,24,1922,142,2018,1,27
56,45,80,24,1922,142,2018,1,28
56,45,80,24,1922,142,2018,1,29
56,45,80,24,1922,142,2018,1,30
56,44,77,24,1922,142,2018,1,31
56,44,77,24,1922,142,2018,2,1
56,44,77,24,1922,142,2018,2,2
56,44,77,24,1922,142,2018,2,3
56,44,77,24,1922,142,2018,2,4
56,44,77,24,1922,142,2018,2,5
56,44,77,24,1922,142,2018,2,6
56,44,77,24,1922,142,2018,2,7
56,44,77,24,1922,142,2018,2,8
56,42,74,24,1922,142,2018,2,9
56,42,74,24,1922,142,2018,2,10
56,42,74,24,1922,142,2018,2,11
56,42,74,24,1922,142,2018,2,12
56,42,74,24,1922,142,2018,2,13
56,43,76,24,1922,142,2018,2,14
56,43,76,24,1922,141,2018,2,15
56,43,76,24,1922,141,2018,2,16
56,43,76,24,1922,141,2018,2,17
56,43,76,24,1922,141,2018,2,18
60,46,76,24,1922,141,2018,2,19
60,46,76,24,1925,141,2018,2,20
60,46,76,24,1925,141,2018,2,21
60,47,78,24,1985,141,2018,2,22
60,47,78,24,1938,141,2018,2,23
60,47,78,24,1934,141,2018,2,24
60,46,77,24,1934,141,2018,2,25
62,48,77,24,1934,141,2018,2,26
62,48,77,24,1934,141,2018,2,27
62,48,77,24,1750,141,2018,2,28
62,48,77,24,1758,141,2018,3,1
56,44,77,24,1758,141,2018,3,2
56,44,77,24,1738,141,2018,3,3
56,44,77,24,1738,141,2018,3,4
56,44,77,24,1772,141,2018,3,5
56,44,77,24,1782,141,2018,3,6
56,44,77,24,1782,141,2018,3,7
56,43,76,24,1782,141,2018,3,8
56,43,75,24,1782,141,2018,3,9
56,42,74,24,1782,141,2018,3,10
56,41,73,24,1782,141,2018,3,11
56,41,72,24,1782,140,2018,3,12
56,40,71,24,1782,140,2018,3,13
56,40,70,24,1782,140,2018,3,14
62,59,95,20,1872,140,2018,3,15
66,59,90,24,1872,140,2018,3,16
66,58,87,24,1872,140,2018,3,17
66,57,87,24,1872,140,2018,3,18
66,57,87,24,1872,140,2018,3,19
64,53,83,24,1872,140,2018,3,20
63,51,80,24,1872,140,2018,3,21
63,50,78,24,1872,140,2018,3,22
63,50,78,24,1872,140,2018,3,23
63,50,78,24,1872,140,2018,3,24
63,50,78,24,1872,140,2018,3,25
63,48,76,24,1872,140,2018,3,26
63,48,76,24,1872,140,2018,3,27
63,48,76,24,1872,140,2018,3,28
63,48,76,24,1872,140,2018,3,29
63,48,76,24,1872,140,2018,3,30
63,48,76,24,1872,140,2018,3,31
65,50,76,24,1872,140,2018,4,1
65,50,76,24,1872,140,2018,4,2
65,50,76,24,1872,140,2018,4,3
65,50,76,24,1872,140,2018,4,4
65,50,76,24,1872,140,2018,4,5
65,50,76,24,1872,140,2018,4,6
65,50,76,24,1872,139,2018,4,7
65,50,76,24,1872,139,2018,4,8
65,49,75,24,1872,139,2018,4,9
56,42,75,24,1872,139,2018,4,10
57,43,75,24,1872,139,2018,4,11
57,43,75,24,1872,139,2018,4,12
57,42,73,24,1872,139,2018,4,13
53,39,73,22,1872,139,2018,4,14
57,42,73,24,1872,139,2018,4,15
57,42,73,24,1872,139,2018,4,16
57,42,73,24,1872,139,2018,4,17
57,42,73,24,1872,139,2018,4,18
57,42,73,24,1872,139,2018,4,19
59,43,73,24,1872,139,2018,4,20
59,43,73,24,1872,139,2018,4,21
59,43,73,24,1872,139,2018,4,22
64,47,73,24,1872,139,2018,4,23
64,47,73,24,1872,139,2018,4,24
64,47,73,24,1872,139,2018,4,25
64,47,73,24,1872,139,2018,4,26
64,48,74,24,1872,139,2018,4,27
57,42,74,21,1872,139,2018,4,28
62,46,74,24,1872,139,2018,4,29
57,42,74,24,1872,139,2018,4,30
57,42,74,24,1872,139,2018,5,1
52,39,74,22,1872,139,2018,5,2
57,42,73,24,1872,138,2018,5,3
62,46,73,24,1872,138,2018,5,4
62,46,73,24,1872,138,2018,5,5
62,46,73,24,1872,138,2018,5,6
54,40,73,22,1872,138,2018,5,7
59,43,73,24,1872,138,2018,5,8
59,43,73,24,1872,138,2018,5,9
59,43,73,24,1872,138,2018,5,10
58,44,75,24,1872,138,2018,5,11
56,43,75,24,1872,138,2018,5,12
56,43,75,24,1872,138,2018,5,13
58,43,75,24,1872,138,2018,5,14
58,43,75,24,1872,138,2018,5,15
52,39,75,24,1872,138,2018,5,16
52,39,75,24,1872,138,2018,5,17
52,39,75,24,1872,138,2018,5,18
52,39,75,24,1872,138,2018,5,19
52,40,75,24,1872,138,2018,5,20
52,40,76,24,1872,138,2018,5,21
52,40,76,24,1872,138,2018,5,22
52,40,76,24,1872,138,2018,5,23
52,40,76,24,1872,138,2018,5,24
58,44,76,24,1872,138,2018,5,25
58,44,76,24,1872,138,2018,5,26
56,43,76,23,1872,138,2018,5,27
58,44,76,24,1872,138,2018,5,28
58,44,76,24,1872,137,2018,5,29
55,42,76,23,1872,137,2018,5,30
58,44,76,24,1872,137,2018,5,31
58,44,76,24,1872,137,2018,6,1
58,44,76,24,1872,137,2018,6,2
58,44,76,24,1872,137,2018,6,3
58,46,78,24,1872,137,2018,6,4
58,46,78,24,1872,137,2018,6,5
58,46,78,24,1872,137,2018,6,6
58,46,78,24,1872,137,2018,6,7
53,42,79,22,1872,137,2018,6,8
58,46,79,24,1872,137,2018,6,9
58,46,79,24,1872,137,2018,6,10
58,46,79,24,1872,137,2018,6,11
54,43,79,23,1872,137,2018,6,12
58,46,79,24,1872,137,2018,6,13
58,46,79,24,1872,137,2018,6,14
60,48,79,24,1872,137,2018,6,15
60,48,80,24,1872,137,2018,6,16
58,46,80,23,1872,137,2018,6,17
56,45,80,22,1872,137,2018,6,18
60,48,80,24,1872,137,2018,6,19
60,48,80,24,1872,137,2018,6,20
60,48,80,24,1877,137,2018,6,21
59,46,78,24,1880,137,2018,6,22
59,45,77,24,1886,136,2018,6,23
51,40,77,21,1887,136,2018,6,24
59,45,77,24,1866,136,2018,6,25
59,45,77,24,1871,136,2018,6,26
59,45,77,24,1875,136,2018,6,27
59,46,78,24,1876,136,2018,6,28
59,46,78,24,1880,136,2018,6,29
57,45,78,23,1882,136,2018,6,30
59,46,78,24,1885,136,2018,7,1
59,46,78,24,1873,136,2018,7,2
52,41,78,21,1873,136,2018,7,3
59,46,78,24,1873,136,2018,7,4
59,46,78,24,1877,136,2018,7,5
59,46,78,24,1878,136,2018,7,6
59,46,78,24,1874,136,2018,7,7
59,46,78,24,1875,136,2018,7,8
59,46,78,24,1880,136,2018,7,9
59,47,79,24,1880,136,2018,7,10
59,47,79,24,1880,136,2018,7,11
59,47,79,24,1872,136,2018,7,12
59,47,79,24,1872,136,2018,7,13
59,47,79,24,1871,136,2018,7,14
59,47,79,24,1871,136,2018,7,15
59,47,80,24,1847,136,2018,7,16
49,40,80,20,1847,136,2018,7,17
61,49,80,24,1866,136,2018,7,18
61,49,80,24,1866,135,2018,7,19
59,46,78,24,1866,135,2018,7,20
59,46,78,24,1866,135,2018,7,21
59,46,78,24,1866,135,2018,7,22
59,46,78,24,1866,135,2018,7,23
59,46,79,24,1866,135,2018,7,24
59,46,79,24,1866,135,2018,7,25
59,46,79,24,1866,135,2018,7,26
59,46,78,24,1866,135,2018,7,27
59,46,78,24,1866,135,2018,7,28
59,46,78,24,1866,135,2018,7,29
59,46,78,24,1866,135,2018,7,30
59,46,78,24,1866,135,2018,7,31
59,46,78,24,1866,135,2018,8,1
59,46,78,24,1866,135,2018,8,2
59,46,78,24,1866,135,2018,8,3
60,48,80,24,1866,135,2018,8,4
60,48,80,24,1866,135,2018,8,5
60,48,80,24,1866,135,2018,8,6
60,48,80,24,1866,135,2018,8,7
60,48,80,24,1866,135,2018,8,8
60,48,80,24,1866,135,2018,8,9
60,48,79,24,1866,135,2018,8,10
60,48,79,24,1866,135,2018,8,11
60,48,79,24,1866,135,2018,8,12
60,48,79,24,1866,135,2018,8,13
60,48,79,24,1866,134,2018,8,14
60,47,78,24,1866,134,2018,8,15
60,47,78,24,1866,134,2018,8,16
60,47,78,24,1866,134,2018,8,17
60,47,78,24,1866,134,2018,8,18
60,47,78,24,1866,134,2018,8,19
60,47,78,24,1866,134,2018,8,20
60,47,78,24,1866,134,2018,8,21
60,47,78,24,1866,134,2018,8,22
60,47,78,24,1866,134,2018,8,23
60,47,78,24,1866,134,2018,8,24
57,45,78,24,1866,134,2018,8,25
57,45,78,24,1866,134,2018,8,26
57,45,78,24,1868,134,2018,8,27
48,38,78,22,1873,134,2018,8,28
53,41,77,24,1873,134,2018,8,29
53,41,77,24,1873,134,2018,8,30
53,41,77,24,1873,134,2018,8,31
53,41,77,24,1873,134,2018,9,1
53,41,77,24,1887,134,2018,9,2
52,40,77,24,1890,134,2018,9,3
53,41,77,24,1890,134,2018,9,4
53,41,77,24,1890,134,2018,9,5
54,41,75,24,1893,134,2018,9,6
54,41,75,24,1893,134,2018,9,7
54,41,75,24,1893,134,2018,9,8
54,41,75,24,1891,133,2018,9,9
54,41,75,24,1891,133,2018,9,10
54,41,75,24,1892,133,2018,9,11
54,41,75,24,1892,133,2018,9,12
54,41,75,24,1892,133,2018,9,13
54,40,74,24,1892,133,2018,9,14
54,40,74,24,1892,133,2018,9,15
54,40,74,24,1892,133,2018,9,16
54,40,74,24,1899,133,2018,9,17
54,40,74,24,1899,133,2018,9,18
55,41,74,24,1887,133,2018,9,19
36,27,74,15,1887,133,2018,9,20
58,44,74,24,1887,133,2018,9,21
58,44,74,24,1881,133,2018,9,22
62,46,74,24,1886,133,2018,9,23
63,47,74,24,1881,133,2018,9,24
63,47,74,24,1881,133,2018,9,25
63,47,74,24,1881,133,2018,9,26
55,41,74,22,1886,133,2018,9,27
56,42,74,24,1890,133,2018,9,28
56,42,74,24,1891,133,2018,9,29
56,42,74,24,1889,133,2018,9,30
56,42,74,24,1891,133,2018,10,1
54,41,75,24,1889,133,2018,10,2
57,43,75,24,1890,133,2018,10,3
57,43,75,24,1886,133,2018,10,4
57,43,75,24,1886,132,2018,10,5
57,43,75,24,1893,132,2018,10,6
57,43,74,24,1893,132,2018,10,7
57,43,74,24,1893,132,2018,10,8
57,43,74,24,1891,132,2018,10,9
57,43,74,24,1890,132,2018,10,10
57,43,74,24,1890,132,2018,10,11
55,41,74,24,1890,132,2018,10,12
55,41,74,24,1890,132,2018,10,13
55,41,74,24,1897,132,2018,10,14
59,44,75,24,1891,132,2018,10,15
56,43,75,23,1883,132,2018,10,16
59,44,75,24,1882,132,2018,10,17
57,43,75,24,1883,132,2018,10,18
57,43,75,24,1883,132,2018,10,19
57,43,75,24,1883,132,2018,10,20
57,43,75,24,1883,132,2018,10,21
57,43,75,24,1883,132,2018,10,22
57,43,75,24,1883,132,2018,10,23
57,43,75,24,1883,132,2018,10,24
57,42,74,24,1883,132,2018,10,25
57,43,76,24,1883,132,2018,10,26
57,44,77,24,1883,132,2018,10,27
57,44,77,24,1883,132,2018,10,28
57,44,77,24,1883,132,2018,10,29
57,44,77,24,1883,131,2018,10,30
57,44,77,24,1883,131,2018,10,31
57,44,77,24,1883,131,2018,11,1
57,47,83,24,1883,131,2018,11,2
57,47,83,24,1883,131,2018,11,3
57,41,72,24,1883,131,2018,11,4
57,41,72,24,1883,131,2018,11,5
54,39,72,24,1883,131,2018,11,6
54,39,72,24,1883,131,2018,11,7
54,39,72,24,1883,131,2018,11,8
54,39,72,24,1883,131,2018,11,9
54,39,72,24,1883,131,2018,11,10
54,39,72,24,1883,131,2018,11,11
54,39,72,24,1883,131,2018,11,12
54,40,74,24,1883,131,2018,11,13
54,40,74,24,1883,131,2018,11,14
54,40,73,24,1883,131,2018,11,15
54,40,73,24,1883,131,2018,11,16
46,34,73,20,1883,131,2018,11,17
54,40,73,24,1883,131,2018,11,18
48,35,73,21,1883,131,2018,11,19
56,41,73,24,1876,131,2018,11,20
56,41,73,24,1876,131,2018,11,21
56,41,73,24,1870,131,2018,11,22
56,41,73,24,1874,131,2018,11,23
56,41,73,24,1874,131,2018,11,24
56,41,73,24,1876,130,2018,11,25
52,38,73,22,1876,130,2018,11,26
56,41,73,24,1876,130,2018,11,27
56,43,76,24,1873,130,2018,11,28
56,43,76,24,1872,130,2018,11,29
56,43,76,24,1872,130,2018,11,30
56,43,76,24,1872,130,2018,12,1
56,43,76,24,1872,130,2018,12,2
56,43,76,24,1874,130,2018,12,3
56,43,76,24,1874,130,2018,12,4
56,42,75,24,1874,130,2018,12,5
56,42,75,24,1874,130,2018,12,6
56,42,75,24,1874,130,2018,12,7
56,43,77,24,2073,130,2018,12,8
56,43,77,24,2073,130,2018,12,9
51,39,77,22,2008,130,2018,12,10
56,43,77,24,2008,130,2018,12,11
56,43,76,24,2008,130,2018,12,12
56,43,76,24,2008,130,2018,12,13
45,35,76,19,2008,130,2018,12,14
56,43,76,24,2008,130,2018,12,15
56,42,75,24,2008,130,2018,12,16
56,42,75,24,2008,130,2018,12,17
56,42,75,24,2008,130,2018,12,18
56,42,75,24,1978,130,2018,12,19
56,42,75,24,1931,130,2018,12,20
56,42,75,24,1931,129,2018,12,21
56,42,75,24,1931,129,2018,12,22
56,42,75,24,1931,129,2018,12,23
56,42,75,24,1931,129,2018,12,24
56,42,75,24,1931,129,2018,12,25
56,42,75,24,1931,129,2018,12,26
56,42,75,24,1931,129,2018,12,27
56,42,75,24,1931,129,2018,12,28
56,42,75,24,1931,129,2018,12,29
56,42,75,24,1931,129,2018,12,30
56,42,75,24,1931,129,2018,12,31
56,42,75,24,1931,129,2019,1,1
56,42,75,24,1931,129,2019,1,2
56,42,75,24,1931,129,2019,1,3
56,42,75,24,1931,129,2019,1,4
56,42,75,24,1931,129,2019,1,5
56,42,75,24,1931,129,2019,1,6
56,42,75,24,1931,129,2019,1,7
56,42,75,24,1931,129,2019,1,8
56,42,75,24,1931,129,2019,1,9
56,42,75,24,1931,129,2019,1,10
56,42,75,24,1931,129,2019,1,11
56,42,75,24,1931,129,2019,1,12
72,61,84,24,1927,129,2019,1,13
67,52,77,24,1949,129,2019,1,14
64,50,77,24,1973,129,2019,1,15
64,50,77,24,1984,128,2019,1,16
64,50,77,24,1996,128,2019,1,17
64,50,77,24,1996,128,2019,1,18
64,50,77,24,1996,128,2019,1,19
64,50,77,24,2020,128,2019,1,20
64,50,77,24,2020,128,2019,1,21
64,50,77,24,2032,128,2019,1,22
64,49,76,24,2032,128,2019,1,23
64,49,76,24,2032,128,2019,1,24
64,49,76,24,2032,128,2019,1,25
64,49,76,24,2032,128,2019,1,26
64,48,75,24,2032,128,2019,1,27
63,48,75,24,2087,128,2019,1,28
64,48,75,24,2087,128,2019,1,29
64,48,75,24,2087,128,2019,1,30
58,44,75,22,2087,128,2019,1,31
58,44,75,22,2087,128,2019,2,1
64,48,75,24,2087,128,2019,2,2
64,48,75,24,2087,128,2019,2,3
64,48,75,24,2086,128,2019,2,4
58,44,75,22,2086,128,2019,2,5
58,44,75,22,2086,128,2019,2,6
64,48,75,24,2086,128,2019,2,7
52,39,75,19,2086,128,2019,2,8
56,43,75,21,2086,128,2019,2,9
57,43,75,21,2086,128,2019,2,10
57,43,74,22,2086,127,2019,2,11
64,48,74,24,2086,127,2019,2,12
64,48,74,24,2086,127,2019,2,13
64,48,74,24,2110,127,2019,2,14
59,44,74,22,2110,127,2019,2,15
64,48,74,24,2110,127,2019,2,16
60,45,74,22,2110,127,2019,2,17
55,42,76,21,2110,127,2019,2,18
64,49,76,24,2110,127,2019,2,19
64,49,76,24,2110,127,2019,2,20
57,43,76,22,2110,127,2019,2,21
56,43,76,22,2110,127,2019,2,22
62,49,78,24,2110,127,2019,2,23
62,49,78,24,2110,127,2019,2,24
56,44,78,22,2110,127,2019,2,25
51,40,78,20,2110,127,2019,2,26
58,45,78,22,2110,127,2019,2,27
62,49,78,24,2110,127,2019,2,28
62,49,78,24,2110,127,2019,3,1
56,44,78,22,2110,127,2019,3,2
56,44,78,22,2110,127,2019,3,3
56,44,78,22,2110,127,2019,3,4
55,43,78,21,2110,127,2019,3,5
54,43,80,21,2110,127,2019,3,6
57,46,80,22,2110,127,2019,3,7
57,46,80,22,2110,126,2019,3,8
57,46,80,22,2110,126,2019,3,9
58,47,80,22,2110,126,2019,3,10
56,45,80,22,2086,126,2019,3,11
54,43,80,21,2086,126,2019,3,12
52,42,80,20,2086,126,2019,3,13
47,38,80,18,2086,126,2019,3,14
54,43,80,21,2086,126,2019,3,15
54,44,80,21,2063,126,2019,3,16
62,50,80,24,2086,126,2019,3,17
62,50,80,24,2086,126,2019,3,18
62,50,80,24,2098,126,2019,3,19
62,50,80,24,2098,126,2019,3,20
62,50,80,24,2110,126,2019,3,21
62,49,78,24,2110,126,2019,3,22
62,49,78,24,2110,126,2019,3,23
62,49,78,24,2110,126,2019,3,24
62,49,78,24,2110,126,2019,3,25
56,44,78,22,2110,126,2019,3,26
62,49,78,24,2110,126,2019,3,27
59,45,76,23,2110,126,2019,3,28
62,47,76,24,2110,126,2019,3,29
57,44,76,22,2110,126,2019,3,30
62,49,79,24,2110,126,2019,3,31
62,49,79,24,2110,126,2019,4,1
62,49,79,24,2110,126,2019,4,2
57,45,79,22,2110,125,2019,4,3
56,45,79,22,2110,125,2019,4,4
62,49,79,24,2110,125,2019,4,5
57,45,79,22,2110,125,2019,4,6
53,42,78,21,2086,125,2019,4,7
44,34,78,17,2086,125,2019,4,8
62,49,78,24,2086,125,2019,4,9
58,45,78,22,2086,125,2019,4,10
56,43,75,22,2086,125,2019,4,11
62,47,75,24,2086,125,2019,4,12
62,47,75,24,2086,125,2019,4,13
62,47,75,24,2122,125,2019,4,14
57,43,75,22,2122,125,2019,4,15
57,43,75,22,2122,125,2019,4,16
54,41,75,21,2122,125,2019,4,17
58,44,75,23,2122,125,2019,4,18
57,43,75,22,2122,125,2019,4,19
57,43,74,22,2122,125,2019,4,20
52,39,74,20,2122,125,2019,4,21
57,42,74,22,2122,125,2019,4,22
57,42,74,22,2122,125,2019,4,23
51,38,74,20,2122,125,2019,4,24
48,36,74,22,2122,125,2019,4,25
50,37,74,21,2122,125,2019,4,26
58,43,74,24,2122,125,2019,4,27
53,40,76,22,2122,125,2019,4,28
47,36,76,19,2122,124,2019,4,29
50,39,76,22,2122,124,2019,4,30
54,42,76,24,2122,124,2019,5,1
54,42,76,24,2122,124,2019,5,2
54,42,76,24,2122,124,2019,5,3
54,43,78,24,2122,124,2019,5,4
49,39,78,22,2122,124,2019,5,5
54,43,78,24,2122,124,2019,5,6
42,33,78,22,2122,124,2019,5,7
41,32,78,22,2122,124,2019,5,8
45,35,78,24,2122,124,2019,5,9
41,32,78,22,2122,124,2019,5,10
45,35,78,24,2134,124,2019,5,11
45,35,78,24,2134,124,2019,5,12
45,34,76,24,2134,124,2019,5,13
45,34,76,24,2134,124,2019,5,14
45,34,76,24,2134,124,2019,5,15
45,34,76,24,2134,124,2019,5,16
34,25,75,18,2134,124,2019,5,17
45,34,75,24,2134,124,2019,5,18
45,34,75,24,2134,124,2019,5,19
45,34,75,24,2134,124,2019,5,20
34,25,75,18,2134,124,2019,5,21
45,34,75,24,2134,124,2019,5,22
34,25,75,18,2134,124,2019,5,23
30,22,75,16,2134,124,2019,5,24
45,34,75,24,2134,123,2019,5,25
34,25,75,18,2122,123,2019,5,26
45,34,75,24,2122,123,2019,5,27
34,26,75,18,2122,123,2019,5,28
45,34,75,24,2122,123,2019,5,29
45,34,75,24,2122,123,2019,5,30
35,26,75,19,2122,123,2019,5,31
33,25,75,18,2122,123,2019,6,1
34,26,75,19,2122,123,2019,6,2
45,33,74,24,2122,123,2019,6,3
45,33,74,24,2122,123,2019,6,4
45,33,74,24,2122,123,2019,6,5
45,33,74,24,2122,123,2019,6,6
33,25,75,20,2122,123,2019,6,7
40,30,75,24,2122,123,2019,6,8
40,30,75,24,2122,123,2019,6,9
39,30,75,23,2122,123,2019,6,10
34,26,75,21,2122,123,2019,6,11
40,31,77,24,2134,123,2019,6,12
32,25,77,19,2134,123,2019,6,13
40,31,77,24,2134,123,2019,6,14
38,29,77,19,2134,123,2019,6,15
48,37,77,24,2134,123,2019,6,16
38,29,75,19,2134,123,2019,6,17
48,36,75,24,2134,123,2019,6,18
37,28,75,19,2134,122,2019,6,19
39,29,75,19,2134,122,2019,6,20
43,32,75,22,2134,122,2019,6,21
36,27,75,18,2134,122,2019,6,22
44,34,75,23,2122,122,2019,6,23
32,24,75,19,2122,122,2019,6,24
40,30,75,24,2122,122,2019,6,25
37,27,74,22,2122,122,2019,6,26
35,26,74,21,2122,122,2019,6,27
32,24,74,19,2122,122,2019,6,28
33,24,74,20,2122,122,2019,6,29
40,30,74,24,2122,122,2019,6,30
40,30,74,24,2122,122,2019,7,1
32,24,74,19,2122,122,2019,7,2
32,24,74,19,2122,122,2019,7,3
47,34,73,24,2122,122,2019,7,4
37,27,73,19,2122,122,2019,7,5
47,34,73,24,2134,122,2019,7,6
38,28,73,20,2134,122,2019,7,7
42,31,73,24,2134,122,2019,7,8
37,27,73,20,2098,122,2019,7,9
36,27,73,20,2098,122,2019,7,10
36,27,74,20,2098,122,2019,7,11
45,33,74,24,2098,122,2019,7,12
36,27,74,20,2098,122,2019,7,13
36,27,74,20,2098,122,2019,7,14
45,33,74,24,2122,121,2019,7,15
40,29,74,20,2122,121,2019,7,16
48,36,74,24,2122,121,2019,7,17
32,24,74,17,2122,121,2019,7,18
43,32,74,22,2122,121,2019,7,19
37,28,74,20,2122,121,2019,7,20
37,27,72,20,2122,121,2019,7,21
39,28,72,20,2122,121,2019,7,22
38,28,72,21,2122,121,2019,7,23
38,28,72,21,2122,121,2019,7,24
40,29,71,22,2110,121,2019,7,25
41,30,71,22,2110,121,2019,7,26
35,25,71,18,2110,121,2019,7,27
39,28,71,21,2122,121,2019,7,28
35,25,71,18,2075,121,2019,7,29
35,26,73,18,2110,121,2019,7,30
40,29,73,21,2110,121,2019,7,31
30,22,73,17,2098,121,2019,8,1
29,21,73,17,2098,121,2019,8,2
30,22,73,17,2098,121,2019,8,3
29,22,73,17,2098,121,2019,8,4
28,20,73,16,2098,121,2019,8,5
30,22,73,17,2075,121,2019,8,6
27,20,73,16,2075,121,2019,8,7
34,25,73,20,2075,121,2019,8,8
29,21,73,15,2075,121,2019,8,9
37,27,73,19,2075,120,2019,8,10
32,24,75,16,2075,120,2019,8,11
27,21,75,14,2075,120,2019,8,12
33,25,75,16,2075,120,2019,8,13
33,25,75,17,2075,120,2019,8,14
28,21,75,14,2075,120,2019,8,15
38,29,75,19,2075,120,2019,8,16
31,25,78,15,2062,120,2019,8,17
40,32,78,19,2062,120,2019,8,18
30,23,78,14,2062,120,2019,8,19
40,32,78,19,2062,120,2019,8,20
33,26,78,16,2062,120,2019,8,21
37,29,78,17,2062,120,2019,8,22
38,30,78,19,2062,120,2019,8,23
29,23,78,15,2086,120,2019,8,24
39,30,78,19,2086,120,2019,8,25
29,22,76,14,2086,120,2019,8,26
38,29,76,19,2086,120,2019,8,27
36,27,76,18,2086,120,2019,8,28
32,24,76,16,2086,120,2019,8,29
39,31,79,19,2086,120,2019,8,30
28,23,79,14,2086,120,2019,8,31
39,31,79,19,2086,120,2019,9,1
39,31,79,19,2098,120,2019,9,2
30,24,79,15,2098,120,2019,9,3
49,39,79,24,2098,120,2019,9,4
49,39,79,24,2098,119,2019,9,5
49,39,79,24,2098,119,2019,9,6
49,39,79,24,2122,119,2019,9,7
49,37,75,24,2122,119,2019,9,8
39,29,75,19,2122,119,2019,9,9
39,29,75,19,2098,119,2019,9,10
38,29,75,19,2098,119,2019,9,11
30,22,74,15,2110,119,2019,9,12
39,29,74,19,2110,119,2019,9,13
38,28,74,19,2110,119,2019,9,14
29,22,74,15,2110,119,2019,9,15
38,29,74,19,2110,119,2019,9,16
37,28,74,19,2110,119,2019,9,17
29,22,74,15,2110,119,2019,9,18
39,29,74,19,2110,119,2019,9,19
38,28,74,19,2110,119,2019,9,20
29,23,76,15,2110,119,2019,9,21
46,36,76,19,2086,119,2019,9,22
45,34,76,18,2098,119,2019,9,23
36,27,76,15,2098,119,2019,9,24
46,35,75,19,2098,119,2019,9,25
34,25,75,18,2098,119,2019,9,26
27,20,75,15,2098,119,2019,9,27
40,30,75,19,2098,119,2019,9,28
38,29,75,18,2098,119,2019,9,29
30,23,75,15,2098,119,2019,9,30
40,30,75,19,2110,118,2019,10,1
38,29,75,18,2110,118,2019,10,2
30,23,75,15,2110,118,2019,10,3
38,28,75,19,2110,118,2019,10,4
36,28,75,18,2110,118,2019,10,5
29,22,75,15,2110,118,2019,10,6
30,23,75,19,2062,118,2019,10,7
30,23,75,19,2062,118,2019,10,8
26,20,75,16,2110,118,2019,10,9
36,27,75,17,2086,118,2019,10,10
41,31,75,19,2086,118,2019,10,11
41,31,75,19,2086,118,2019,10,12
33,25,75,15,2086,118,2019,10,13
37,28,75,18,2086,118,2019,10,14
40,30,75,19,2086,118,2019,10,15
40,30,75,19,2086,118,2019,10,16
30,23,75,14,2063,118,2019,10,17
39,30,75,19,2063,118,2019,10,18
40,30,75,19,2063,118,2019,10,19
36,27,75,18,2098,118,2019,10,20
36,27,75,18,2086,118,2019,10,21
37,28,75,19,2086,118,2019,10,22
36,27,75,19,2110,118,2019,10,23
33,25,74,17,2110,118,2019,10,24
30,22,74,16,2110,118,2019,10,25
36,27,74,19,2110,117,2019,10,26
36,27,74,19,2110,117,2019,10,27
31,23,74,16,2110,117,2019,10,28
31,23,74,17,2110,117,2019,10,29
35,26,74,19,2110,117,2019,10,30
35,26,74,19,2110,117,2019,10,31
27,20,74,15,2110,117,2019,11,1
31,23,74,18,2110,117,2019,11,2
34,25,74,19,2110,117,2019,11,3
34,25,74,19,2110,117,2019,11,4
29,22,74,14,2110,117,2019,11,5
38,29,76,19,2110,117,2019,11,6
39,30,76,19,2110,117,2019,11,7
37,29,76,18,2110,117,2019,11,8
30,23,75,15,2110,117,2019,11,9
39,30,75,19,2110,117,2019,11,10
39,30,75,19,2110,117,2019,11,11
35,26,73,17,2098,117,2019,11,12
33,24,73,16,2098,117,2019,11,13
36,27,73,18,2098,117,2019,11,14
39,29,73,19,2098,117,2019,11,15
38,28,73,19,2098,117,2019,11,16
30,22,73,15,2098,117,2019,11,17
39,28,73,19,2098,117,2019,11,18
39,29,73,19,2098,117,2019,11,19
39,29,73,19,2098,117,2019,11,20
32,24,73,16,2098,116,2019,11,21
36,26,73,17,2098,116,2019,11,22
39,29,73,19,2098,116,2019,11,23
39,29,73,19,2098,116,2019,11,24
35,26,73,17,2098,116,2019,11,25
33,24,73,16,2098,116,2019,11,26
39,29,73,19,2098,116,2019,11,27
39,29,74,19,2098,116,2019,11,28
38,29,74,19,2098,116,2019,11,29
30,22,74,15,2098,116,2019,11,30
35,26,73,17,2098,116,2019,12,1
39,29,73,19,2098,116,2019,12,2
39,29,73,19,2098,116,2019,12,3
32,24,73,16,2098,116,2019,12,4
36,26,73,17,2098,116,2019,12,5
39,29,73,19,2098,116,2019,12,6
39,30,75,19,2098,116,2019,12,7
48,36,75,23,2098,116,2019,12,8
34,26,75,17,2098,116,2019,12,9
37,28,75,20,2098,116,2019,12,10
37,28,75,20,2098,116,2019,12,11
37,28,75,20,2122,116,2019,12,12
32,24,73,17,2122,116,2019,12,13
35,26,73,19,2122,116,2019,12,14
37,27,73,20,2122,116,2019,12,15
36,26,73,19,2122,116,2019,12,16
24,18,73,13,2122,115,2019,12,17
30,23,76,15,2122,115,2019,12,18
34,26,76,17,2122,115,2019,12,19
38,29,76,19,2122,115,2019,12,20
34,26,76,17,2122,115,2019,12,21
34,26,76,10,2122,115,2019,12,22
34,26,76,17,2122,115,2019,12,23
34,26,76,16,2122,115,2019,12,24
34,26,76,13,2122,115,2019,12,25
34,26,75,17,2122,115,2019,12,26
34,26,75,15,2122,115,2019,12,27
34,26,75,14,2122,115,2019,12,28
34,26,75,13,2122,115,2019,12,29
34,26,75,18,2122,115,2019,12,30
34,26,75,12,2122,115,2019,12,31
30,23,75,15,2122,115,2020,1,1
37,28,76,18,2098,115,2020,1,2
28,22,76,14,2098,115,2020,1,3
28,21,76,14,2098,115,2020,1,4
34,26,76,17,2098,115,2020,1,5
32,25,76,16,2098,115,2020,1,6
28,21,76,14,2098,115,2020,1,7
28,22,78,15,2098,115,2020,1,8
34,27,78,18,2098,115,2020,1,9
27,21,78,14,2098,115,2020,1,10
27,21,78,14,2098,115,2020,1,11
32,25,78,17,2098,114,2020,1,12
31,24,78,16,2098,114,2020,1,13
27,21,78,14,2098,114,2020,1,14
28,22,78,15,2098,114,2020,1,15
35,27,78,18,2098,114,2020,1,16
27,21,78,14,2098,114,2020,1,17
32,25,76,17,2098,114,2020,1,18
32,24,75,16,2098,114,2020,1,19
28,22,76,14,2098,114,2020,1,20
38,29,76,19,2098,114,2020,1,21
28,21,76,14,2098,114,2020,1,22
33,25,76,17,2098,114,2020,1,23
33,25,76,16,2098,114,2020,1,24
28,21,74,14,2098,114,2020,1,25
38,28,74,19,2098,114,2020,1,26
28,21,74,14,2098,114,2020,1,27
33,24,74,17,2098,114,2020,1,28
33,24,74,17,2098,114,2020,1,29
28,21,74,14,2098,114,2020,1,30
37,28,74,19,2098,114,2020,1,31
28,21,74,14,2098,114,2020,2,1
33,24,74,17,2098,114,2020,2,2
33,25,75,17,2098,114,2020,2,3
28,21,75,14,2098,114,2020,2,4
40,30,75,19,2098,114,2020,2,5
37,28,75,19,2110,113,2020,2,6
47,36,75,24,2122,113,2020,2,7
42,32,75,21,2134,113,2020,2,8
29,22,75,15,2134,113,2020,2,9
48,36,75,22,2134,113,2020,2,10
38,29,76,17,2134,113,2020,2,11
53,41,76,24,2134,113,2020,2,12
38,29,76,17,2134,113,2020,2,13
38,29,76,17,2134,113,2020,2,14
38,29,76,17,2134,113,2020,2,15
53,40,75,24,2134,113,2020,2,16
38,28,75,17,2134,113,2020,2,17
36,27,75,16,2134,113,2020,2,18
39,29,75,18,2134,113,2020,2,19
38,28,75,17,2134,113,2020,2,20
38,28,75,17,2134,113,2020,2,21
38,28,75,17,2134,113,2020,2,22
38,28,73,17,2134,113,2020,2,23
36,26,73,16,2134,113,2020,2,24
28,20,73,13,2134,113,2020,2,25
40,29,72,21,2134,113,2020,2,26
23,17,72,12,2134,113,2020,2,27
33,24,72,17,2134,113,2020,2,28
33,24,72,17,2134,113,2020,2,29
33,24,72,17,2134,113,2020,3,1
24,17,72,12,2134,113,2020,3,2
29,21,72,15,2134,112,2020,3,3
16,12,72,8,2134,112,2020,3,4
27,19,72,14,2134,112,2020,3,5
33,24,72,17,2134,112,2020,3,6
35,25,72,17,2134,112,2020,3,7
35,25,72,17,2134,112,2020,3,8
31,23,72,15,2134,112,2020,3,9
24,17,71,12,2134,112,2020,3,10
30,22,71,15,2134,112,2020,3,11
25,18,71,12,2134,112,2020,3,12
35,25,71,17,2134,112,2020,3,13
20,15,71,10,2134,112,2020,3,14
35,25,71,17,2134,112,2020,3,15
20,15,71,10,2134,112,2020,3,16
34,24,71,17,2134,112,2020,3,17
21,15,71,11,2134,112,2020,3,18
33,24,71,16,2134,112,2020,3,19
22,15,71,11,2134,112,2020,3,20
31,23,74,15,2134,112,2020,3,21
23,17,74,11,2134,112,2020,3,22
29,21,74,14,2134,112,2020,3,23
27,20,74,13,2134,112,2020,3,24
23,17,74,11,2134,112,2020,3,25
32,24,74,16,2134,112,2020,3,26
20,15,74,10,2134,112,2020,3,27
31,23,74,15,2134,112,2020,3,28
24,18,75,12,2134,111,2020,3,29
27,20,75,13,2134,111,2020,3,30
28,21,75,14,2134,111,2020,3,31
25,19,75,12,2134,111,2020,4,1
30,23,75,15,2134,111,2020,4,2
23,17,75,11,2134,111,2020,4,3
32,24,75,16,2134,111,2020,4,4
21,16,75,11,2134,111,2020,4,5
34,26,75,17,2134,111,2020,4,6
20,15,74,10,2134,111,2020,4,7
35,26,74,17,2134,111,2020,4,8
20,15,74,10,2134,111,2020,4,9
32,24,74,16,2134,111,2020,4,10
23,17,74,11,2134,111,2020,4,11
30,22,73,15,2134,111,2020,4,12
25,18,73,12,2134,111,2020,4,13
33,24,73,16,2134,111,2020,4,14
22,16,73,11,2134,111,2020,4,15
33,24,73,16,2134,111,2020,4,16
36,27,73,18,2134,111,2020,4,17
49,36,73,24,2134,111,2020,4,18
36,26,72,19,2134,111,2020,4,19
35,25,72,19,2134,111,2020,4,20
27,20,72,15,2134,111,2020,4,21
29,21,72,16,2134,111,2020,4,22
32,24,72,17,2134,111,2020,4,23
26,19,72,14,2134,110,2020,4,24
35,25,72,19,2134,110,2020,4,25
27,20,72,14,2134,110,2020,4,26
29,21,72,16,2134,110,2020,4,27
32,24,72,17,2134,110,2020,4,28
26,19,72,14,2134,110,2020,4,29
35,25,72,19,2134,110,2020,4,30
27,20,72,14,2098,110,2020,5,1
29,21,72,16,2098,110,2020,5,2
33,24,72,18,2098,110,2020,5,3
26,20,74,14,2098,110,2020,5,4
18,15,83,10,2098,110,2020,5,5
16,13,80,10,2098,110,2020,5,6
16,13,80,10,2098,110,2020,5,7
16,13,80,10,2098,110,2020,5,8
16,13,80,10,2098,110,2020,5,9
16,13,80,10,2098,110,2020,5,10
17,17,100,8,1873,110,2020,5,11
50,48,95,24,1908,110,2020,5,12
49,47,96,24,1980,110,2020,5,13
49,47,96,24,1980,110,2020,5,14
39,33,85,24,2051,110,2020,5,15
39,32,82,24,2051,110,2020,5,16
37,28,76,24,2051,110,2020,5,17
33,26,76,24,2051,110,2020,5,18
33,26,76,24,2051,110,2020,5,19
33,24,72,24,2051,109,2020,5,20
31,23,72,24,2086,109,2020,5,21
31,23,72,24,2086,109,2020,5,22
31,23,72,24,2086,109,2020,5,23
31,23,72,24,2086,109,2020,5,24
31,23,72,24,2086,109,2020,5,25
35,26,72,24,2086,109,2020,5,26
35,26,72,24,2086,109,2020,5,27
36,26,71,24,2086,109,2020,5,28
36,26,71,24,2086,109,2020,5,29
34,24,71,24,2086,109,2020,5,30
30,21,71,24,2099,109,2020,5,31
30,21,71,24,2099,109,2020,6,1
30,21,70,24,2099,109,2020,6,2
30,21,70,24,2099,109,2020,6,3
30,21,70,24,2099,109,2020,6,4
30,21,70,24,2099,109,2020,6,5
30,21,70,24,2099,109,2020,6,6
31,23,73,24,2099,109,2020,6,7
31,23,73,24,2099,109,2020,6,8
36,26,73,24,2099,109,2020,6,9
36,26,73,24,2099,109,2020,6,10
36,26,73,24,2099,109,2020,6,11
36,26,73,24,2099,109,2020,6,12
36,26,72,24,2099,109,2020,6,13
36,26,72,24,2099,108,2020,6,14
31,22,72,21,2099,108,2020,6,15
36,26,72,24,2099,108,2020,6,16
36,26,71,24,2099,108,2020,6,17
36,26,71,24,2099,108,2020,6,18
31,22,71,24,2099,108,2020,6,19
31,22,71,24,2099,108,2020,6,20
30,22,71,23,2099,108,2020,6,21
25,18,71,19,2099,108,2020,6,22
23,16,71,17,2099,108,2020,6,23
31,22,71,24,2099,108,2020,6,24
36,26,71,24,2099,108,2020,6,25
36,26,71,24,2099,108,2020,6,26
35,24,70,24,2099,108,2020,6,27
35,24,70,24,2099,108,2020,6,28
29,20,70,24,2099,108,2020,6,29
28,20,70,21,2099,108,2020,6,30
32,24,73,24,2099,108,2020,7,1
32,24,73,24,2099,108,2020,7,2
32,24,73,24,2099,108,2020,7,3
32,24,73,24,2099,108,2020,7,4
32,24,73,24,2099,108,2020,7,5
32,24,73,24,2099,108,2020,7,6
32,24,73,24,2099,108,2020,7,7
32,24,73,24,2099,108,2020,7,8
32,24,73,24,2099,108,2020,7,9
28,20,73,21,2099,107,2020,7,10
30,22,72,22,2099,107,2020,7,11
28,21,72,21,2099,107,2020,7,12
41,29,72,24,2099,107,2020,7,13
30,22,72,21,2122,107,2020,7,14
34,25,72,24,2122,107,2020,7,15
31,22,72,22,2122,107,2020,7,16
25,18,72,17,2122,107,2020,7,17
35,25,71,24,2122,107,2020,7,18
27,19,71,19,2122,107,2020,7,19
32,23,71,22,2122,107,2020,7,20
33,24,71,23,2122,107,2020,7,21
31,22,71,21,2122,107,2020,7,22
28,20,71,19,2122,107,2020,7,23
27,20,71,19,2122,107,2020,7,24
32,24,73,22,2122,107,2020,7,25
28,21,73,20,2122,107,2020,7,26
30,22,73,21,2122,107,2020,7,27
30,22,73,21,2122,107,2020,7,28
26,19,73,18,2122,107,2020,7,29
29,22,73,21,2122,107,2020,7,30
31,23,73,18,2122,107,2020,7,31
37,27,72,21,2122,107,2020,8,1
27,20,72,15,2122,107,2020,8,2
34,25,72,19,2122,107,2020,8,3
33,24,72,19,2122,107,2020,8,4
25,18,72,14,2122,106,2020,8,5
36,26,72,20,2122,106,2020,8,6
31,23,72,20,2122,106,2020,8,7
26,19,72,16,2122,106,2020,8,8
29,21,72,18,2122,106,2020,8,9
29,21,72,18,2122,106,2020,8,10
32,23,73,20,2122,106,2020,8,11
27,20,73,17,2122,106,2020,8,12
25,18,73,16,2122,106,2020,8,13
28,21,73,19,2122,106,2020,8,14
26,19,73,18,2122,106,2020,8,15
25,18,73,17,2122,106,2020,8,16
30,22,73,20,2122,106,2020,8,17
30,22,73,20,2122,106,2020,8,18
22,16,73,15,2122,106,2020,8,19
29,21,72,19,2122,106,2020,8,20
30,22,72,19,2122,106,2020,8,21
25,18,72,15,2122,106,2020,8,22
32,23,72,20,2122,106,2020,8,23
32,24,72,20,2122,106,2020,8,24
24,17,72,15,2122,106,2020,8,25
36,26,71,22,2122,106,2020,8,26
29,21,71,18,2122,106,2020,8,27
31,22,71,19,2122,106,2020,8,28
32,23,71,20,2122,106,2020,8,29
25,18,71,16,2122,106,2020,8,30
35,25,71,20,2122,105,2020,8,31
36,26,71,20,2122,105,2020,9,1
36,26,71,20,2122,105,2020,9,2
35,25,71,20,2122,105,2020,9,3
28,20,71,16,2122,105,2020,9,4
33,23,71,18,2122,105,2020,9,5
31,22,71,17,2122,105,2020,9,6
36,26,71,20,2122,105,2020,9,7
36,26,71,20,2122,105,2020,9,8
12,9,71,7,2122,105,2020,9,9
21,15,71,12,2122,105,2020,9,10
36,25,70,20,2122,105,2020,9,11
34,24,70,19,2122,105,2020,9,12
37,26,70,20,2122,105,2020,9,13
26,18,70,16,2122,105,2020,9,14
29,20,70,18,2122,105,2020,9,15
36,25,70,23,2122,105,2020,9,16
25,18,70,16,2122,105,2020,9,17
32,22,70,20,2122,105,2020,9,18
32,22,70,20,2122,105,2020,9,19
22,16,70,14,2122,105,2020,9,20
30,21,70,19,2122,105,2020,9,21
28,20,70,18,2122,105,2020,9,22
25,18,71,16,2122,105,2020,9,23
24,17,71,14,2122,105,2020,9,24
33,24,71,19,2122,104,2020,9,25
33,23,71,19,2122,104,2020,9,26
24,17,71,14,2122,104,2020,9,27
33,23,71,19,2122,104,2020,9,28
33,23,71,19,2122,104,2020,9,29
26,19,71,15,2122,104,2020,9,30
30,22,71,18,2122,104,2020,10,1
27,19,71,16,2122,104,2020,10,2
33,24,71,19,2122,104,2020,10,3
33,24,73,19,2122,104,2020,10,4
26,19,73,15,2122,104,2020,10,5
33,24,73,19,2122,104,2020,10,6
29,22,73,17,2122,104,2020,10,7
28,21,73,16,2122,104,2020,10,8
33,24,73,19,2122,104,2020,10,9
24,18,73,14,2122,104,2020,10,10
33,24,73,19,2122,104,2020,10,11
29,21,73,17,2122,104,2020,10,12
29,21,73,17,2122,104,2020,10,13
33,25,73,19,2122,104,2020,10,14
30,22,73,18,2122,104,2020,10,15
26,19,73,15,2122,104,2020,10,16
27,20,73,15,2122,104,2020,10,17
33,25,73,19,2122,104,2020,10,18
33,24,73,19,2122,104,2020,10,19
26,20,76,15,2122,104,2020,10,20
34,26,76,19,2122,103,2020,10,21
33,25,76,18,2122,103,2020,10,22
36,28,76,20,2122,103,2020,10,23
26,19,74,14,2122,103,2020,10,24
35,26,74,20,2122,103,2020,10,25
24,18,74,14,2122,103,2020,10,26
30,22,74,17,2122,103,2020,10,27
30,22,74,17,2122,103,2020,10,28
34,26,74,19,2122,103,2020,10,29
31,23,74,17,2122,103,2020,10,30
29,22,74,16,2122,103,2020,10,31
26,19,74,14,2122,103,2020,11,1
26,19,74,14,2122,103,2020,11,2
30,23,74,17,2122,103,2020,11,3
30,22,74,17,2122,103,2020,11,4
26,19,74,14,2122,103,2020,11,5
17,12,74,14,2122,103,2020,11,6
22,17,74,19,2122,103,2020,11,7
16,12,74,14,2122,103,2020,11,8
20,15,74,17,2122,103,2020,11,9
19,14,74,17,2122,103,2020,11,10
22,16,74,19,2122,103,2020,11,11
22,17,74,19,2122,103,2020,11,12
25,19,74,22,2122,103,2020,11,13
25,18,74,21,2122,103,2020,11,14
24,18,74,21,2122,103,2020,11,15
25,18,74,20,2122,102,2020,11,16
21,16,74,17,2122,102,2020,11,17
24,18,74,19,2122,102,2020,11,18
20,15,74,16,2122,102,2020,11,19
22,16,73,18,2122,102,2020,11,20
20,15,73,16,2122,102,2020,11,21
29,21,73,23,2122,102,2020,11,22
21,15,73,17,2122,102,2020,11,23
21,15,73,17,2122,102,2020,11,24
24,18,73,19,2122,102,2020,11,25
18,13,73,14,2122,102,2020,11,26
18,13,73,14,2122,102,2020,11,27
24,18,73,19,2110,102,2020,11,28
27,20,73,21,2122,102,2020,11,29
19,14,73,15,2134,102,2020,11,30
18,13,72,14,2137,102,2020,12,1
19,14,72,16,2113,102,2020,12,2
19,15,75,15,2113,102,2020,12,3
19,14,75,15,2113,102,2020,12,4
20,15,75,16,2113,102,2020,12,5
19,14,75,15,2137,102,2020,12,6
17,13,75,14,2137,102,2020,12,7
18,14,75,15,2125,102,2020,12,8
19,14,73,15,2137,102,2020,12,9
19,14,73,15,2137,102,2020,12,10
18,13,73,14,2125,102,2020,12,11
17,13,73,14,2125,101,2020,12,12
19,14,73,15,2113,101,2020,12,13
20,15,73,16,2125,101,2020,12,14
20,15,73,16,2113,101,2020,12,15
20,15,73,16,2113,101,2020,12,16
17,13,73,14,2125,101,2020,12,17
18,13,73,15,2113,101,2020,12,18
20,15,73,16,2113,101,2020,12,19
20,15,73,16,2125,101,2020,12,20
20,15,76,16,2125,101,2020,12,21
18,14,76,14,2113,101,2020,12,22
18,14,76,15,2101,101,2020,12,23
22,17,76,17,2113,101,2020,12,24
20,16,76,16,2113,101,2020,12,25
19,14,76,15,2113,101,2020,12,26
20,15,76,16,2125,101,2020,12,27
19,15,76,16,2101,101,2020,12,28
20,16,76,16,2125,101,2020,12,29
20,16,76,16,2113,101,2020,12,30
20,15,76,16,2137,101,2020,12,31
20,15,72,16,2113,101,2021,1,1
20,15,72,16,2125,101,2021,1,2
20,15,72,16,2113,101,2021,1,3
15,11,72,12,2113,101,2021,1,4
19,13,71,15,2113,101,2021,1,5
20,15,71,16,2113,101,2021,1,6
19,14,71,15,2113,100,2021,1,7
19,14,71,15,2113,100,2021,1,8
19,14,71,15,2101,100,2021,1,9
20,15,71,16,2113,100,2021,1,10
20,14,71,16,2137,100,2021,1,11
18,13,70,14,2137,100,2021,1,12
18,13,70,15,2113,100,2021,1,13
20,15,70,16,2101,100,2021,1,14
20,15,70,16,2113,100,2021,1,15
20,14,70,16,2125,100,2021,1,16
20,14,70,16,2125,100,2021,1,17
18,13,70,15,2125,100,2021,1,18
